Date,Country,Price in US Dollars
2000-04-01,Argentina,2.5
2000-04-01,Australia,1.541666667
2000-04-01,Brazil,1.648044693
2000-04-01,Canada,1.93877551
2000-04-01,Switzerland,3.470588235
2000-04-01,Chile,2.451361868
2000-04-01,China,1.195652174
2000-04-01,Czech Republic,1.390537084
2000-04-01,Denmark,3.078358209
2000-04-01,Euro area,2.3808
2000-04-01,Britain,3.002000002
2000-04-01,Hong Kong,1.309370988
2000-04-01,Hungary,1.215053763
2000-04-01,Indonesia,1.825047199
2000-04-01,Israel,3.580246914
2000-04-01,Japan,2.773584906
2000-04-01,South Korea,2.707581227
2000-04-01,Mexico,2.221041445
2000-04-01,Malaysia,1.189473684
2000-04-01,New Zealand,1.691542289
2000-04-01,Poland,1.279069767
2000-04-01,Russia,1.385964912
2000-04-01,Singapore,1.882352941
2000-04-01,Sweden,2.714932127
2000-04-01,Thailand,1.447368421
2000-04-01,Taiwan,2.287581699
2000-04-01,United States,2.51
2000-04-01,South Africa,1.339285714
2001-04-01,Argentina,2.5
2001-04-01,Australia,1.515151515
2001-04-01,Brazil,1.643835616
2001-04-01,Canada,2.134615385
2001-04-01,Switzerland,3.641618497
2001-04-01,Chile,2.096505824
2001-04-01,China,1.195652174
2001-04-01,Czech Republic,1.435897436
2001-04-01,Denmark,2.925531915
2001-04-01,Euro area,2.261600001
2001-04-01,Britain,2.845700001
2001-04-01,Hong Kong,1.371794872
2001-04-01,Hungary,1.316831683
2001-04-01,Indonesia,1.354214648
2001-04-01,Japan,2.370967742
2001-04-01,South Korea,2.264150943
2001-04-01,Mexico,2.35737352
2001-04-01,Malaysia,1.189473684
2001-04-01,New Zealand,1.457489879
2001-04-01,Philippines,1.172962227
2001-04-01,Poland,1.464019851
2001-04-01,Russia,1.211072664
2001-04-01,Singapore,1.82320442
2001-04-01,Sweden,2.33463035
2001-04-01,Thailand,1.208791209
2001-04-01,Taiwan,2.127659574
2001-04-01,United States,2.54
2001-04-01,South Africa,1.193111931
2002-04-01,Argentina,0.7987220447
2002-04-01,Australia,1.612903226
2002-04-01,Brazil,1.538461538
2002-04-01,Canada,2.121019108
2002-04-01,Switzerland,3.795180723
2002-04-01,Chile,2.13740458
2002-04-01,China,1.268115942
2002-04-01,Czech Republic,1.655294118
2002-04-01,Denmark,2.953460621
2002-04-01,Euro area,2.376299999
2002-04-01,Britain,2.885500002
2002-04-01,Hong Kong,1.4
2002-04-01,Hungary,1.6875
2002-04-01,Indonesia,1.696712619
2002-04-01,Israel,2.505219207
2002-04-01,Japan,2.015384615
2002-04-01,South Korea,2.377300613
2002-04-01,Mexico,2.359913793
2002-04-01,Malaysia,1.326315789
2002-04-01,Norway,4.088785047
2002-04-01,New Zealand,1.607142857
2002-04-01,Peru,2.478134111
2002-04-01,Philippines,1.274509804
2002-04-01,Poland,1.46039604
2002-04-01,Russia,1.25
2002-04-01,Singapore,1.813186813
2002-04-01,Sweden,2.5
2002-04-01,Thailand,1.270207852
2002-04-01,Turkey,3.02000755
2002-04-01,Taiwan,2.011494253
2002-04-01,United States,2.49
2002-04-01,South Africa,0.8899082569
2003-04-01,Argentina,1.423611111
2003-04-01,Australia,1.863354037
2003-04-01,Brazil,1.482084691
2003-04-01,Canada,2.206896552
2003-04-01,Switzerland,4.598540146
2003-04-01,Chile,1.955307263
2003-04-01,China,1.195652174
2003-04-01,Czech Republic,1.957439446
2003-04-01,Denmark,4.092920354
2003-04-01,Egypt,1.351351351
2003-04-01,Euro area,2.981
2003-04-01,Britain,3.144200002
2003-04-01,Hong Kong,1.474358974
2003-04-01,Hungary,2.1875
2003-04-01,Indonesia,1.842105263
2003-04-01,Japan,2.183333333
2003-04-01,South Korea,2.704918033
2003-04-01,Mexico,2.184235518
2003-04-01,Malaysia,1.326315789
2003-04-01,New Zealand,2.219101124
2003-04-01,Peru,2.283236994
2003-04-01,Philippines,1.238095238
2003-04-01,Poland,1.619537275
2003-04-01,Russia,1.318327974
2003-04-01,Singapore,1.853932584
2003-04-01,Sweden,3.597122302
2003-04-01,Thailand,1.381733021
2003-04-01,Turkey,2.343017807
2003-04-01,Taiwan,2.011494253
2003-04-01,United States,2.71
2003-04-01,South Africa,1.845238095
2004-05-01,Argentina,1.477966102
2004-05-01,Australia,2.272727273
2004-05-01,Brazil,1.698113208
2004-05-01,Canada,2.328467153
2004-05-01,Switzerland,4.88372093
2004-05-01,Chile,2.184087363
2004-05-01,China,1.256038647
2004-05-01,Colombia,2.346714419
2004-05-01,Costa Rica,2.606389113
2004-05-01,Czech Republic,2.129056604
2004-05-01,Denmark,4.461414791
2004-05-01,Egypt,1.615508885
2004-05-01,Euro area,3.288000001
2004-05-01,Britain,3.365199999
2004-05-01,Hong Kong,1.540436457
2004-05-01,Hungary,2.511848341
2004-05-01,Indonesia,1.765350877
2004-05-01,Japan,2.318584071
2004-05-01,South Korea,2.718776551
2004-05-01,Sri Lanka,1.414141414
2004-05-01,Mexico,2.068965517
2004-05-01,Malaysia,1.326315789
2004-05-01,Norway,5.183162751
2004-05-01,New Zealand,2.652439024
2004-05-01,Pakistan,1.904432133
2004-05-01,Peru,2.575931232
2004-05-01,Philippines,1.234347048
2004-05-01,Poland,1.627906977
2004-05-01,Russia,1.448275862
2004-05-01,Saudi Arabia,0.6399658685
2004-05-01,Singapore,1.929824561
2004-05-01,Sweden,3.94218134
2004-05-01,Thailand,1.446078431
2004-05-01,Turkey,2.580013063
2004-05-01,Taiwan,2.245508982
2004-05-01,Ukraine,1.359842446
2004-05-01,Uruguay,1.002185976
2004-05-01,United States,2.9
2004-05-01,South Africa,1.861861862
2005-06-01,UAE,2.450646698
2005-06-01,Argentina,1.639627201
2005-06-01,Australia,2.497118709
2005-06-01,Brazil,2.393703343
2005-06-01,Canada,2.625260125
2005-06-01,Switzerland,5.0501002
2005-06-01,Chile,2.531859229
2005-06-01,China,1.268667537
2005-06-01,Colombia,2.792456073
2005-06-01,Costa Rica,2.377445824
2005-06-01,Czech Republic,2.299019188
2005-06-01,Denmark,4.575659142
2005-06-01,Egypt,1.551724138
2005-06-01,Euro area,3.583131998
2005-06-01,Britain,3.440400003
2005-06-01,Hong Kong,1.542277687
2005-06-01,Hungary,2.602593755
2005-06-01,Indonesia,1.529596647
2005-06-01,Japan,2.342688469
2005-06-01,South Korea,2.486325211
2005-06-01,Sri Lanka,1.75096303
2005-06-01,Mexico,2.576489533
2005-06-01,Malaysia,1.381578947
2005-06-01,Norway,6.06286727
2005-06-01,New Zealand,3.173358055
2005-06-01,Pakistan,2.18047635
2005-06-01,Peru,2.762244208
2005-06-01,Philippines,1.466544455
2005-06-01,Poland,1.963983563
2005-06-01,Russia,1.478586893
2005-06-01,Saudi Arabia,2.399936002
2005-06-01,Singapore,2.167760583
2005-06-01,Sweden,4.166554663
2005-06-01,Thailand,1.4803849
2005-06-01,Turkey,2.92184076
2005-06-01,Taiwan,2.405773857
2005-06-01,Ukraine,1.432806324
2005-06-01,Uruguay,1.823834197
2005-06-01,United States,3.06
2005-06-01,South Africa,2.098312325
2006-01-01,Argentina,1.550362295
2006-01-01,Australia,2.442140066
2006-01-01,Brazil,2.741543224
2006-01-01,Canada,3.007518797
2006-01-01,Switzerland,4.931120852
2006-01-01,Chile,2.984218077
2006-01-01,China,1.302067187
2006-01-01,Czech Republic,2.600943891
2006-01-01,Denmark,4.492544804
2006-01-01,Egypt,1.611498258
2006-01-01,Euro area,3.513825
2006-01-01,Britain,3.316131998
2006-01-01,Hong Kong,1.548147384
2006-01-01,Hungary,2.705889175
2006-01-01,Indonesia,1.543340381
2006-01-01,Japan,2.187130922
2006-01-01,South Korea,2.557675584
2006-01-01,Mexico,2.655916528
2006-01-01,Malaysia,1.46713615
2006-01-01,New Zealand,3.075965992
2006-01-01,Peru,2.756819501
2006-01-01,Philippines,1.559528338
2006-01-01,Poland,2.086610382
2006-01-01,Russia,1.604464597
2006-01-01,Singapore,2.20143093
2006-01-01,Sweden,4.279101129
2006-01-01,Thailand,1.50924412
2006-01-01,Turkey,3.067714179
2006-01-01,Taiwan,2.347454577
2006-01-01,United States,3.15
2006-01-01,South Africa,2.294294689
2006-05-01,UAE,2.450579971
2006-05-01,Argentina,2.290201211
2006-05-01,Australia,2.438969479
2006-05-01,Brazil,2.777175092
2006-05-01,Canada,3.141594895
2006-05-01,Switzerland,5.21156471
2006-05-01,Chile,2.943673932
2006-05-01,China,1.308248193
2006-05-01,Colombia,2.596261384
2006-05-01,Costa Rica,2.217708303
2006-05-01,Czech Republic,2.671002994
2006-05-01,Denmark,4.769475358
2006-05-01,Egypt,1.646233159
2006-05-01,Euro area,3.766916497
2006-05-01,Britain,3.647976002
2006-05-01,Hong Kong,1.547728064
2006-05-01,Hungary,2.713909367
2006-05-01,Indonesia,1.565683646
2006-05-01,Japan,2.230052183
2006-05-01,South Korea,2.624947501
2006-05-01,Sri Lanka,1.845466466
2006-05-01,Mexico,2.565667826
2006-05-01,Malaysia,1.515360242
2006-05-01,Norway,7.046523442
2006-05-01,New Zealand,2.745202065
2006-05-01,Pakistan,2.164682374
2006-05-01,Peru,2.913216805
2006-05-01,Philippines,1.6152019
2006-05-01,Poland,2.097349273
2006-05-01,Russia,1.773590134
2006-05-01,Saudi Arabia,2.400640171
2006-05-01,Singapore,2.268002268
2006-05-01,Sweden,4.530135698
2006-05-01,Thailand,1.560671089
2006-05-01,Turkey,2.724618878
2006-05-01,Taiwan,2.333468156
2006-05-01,Ukraine,1.683168317
2006-05-01,Uruguay,1.767189133
2006-05-01,United States,3.1
2006-05-01,South Africa,2.114597544
2007-01-01,UAE,2.722866634
2007-01-01,Argentina,2.670983408
2007-01-01,Australia,2.723257806
2007-01-01,Brazil,2.999765643
2007-01-01,Canada,3.089756139
2007-01-01,Switzerland,5.046055266
2007-01-01,Chile,3.091733778
2007-01-01,China,1.414918385
2007-01-01,Colombia,3.081285655
2007-01-01,Costa Rica,2.217708303
2007-01-01,Czech Republic,2.423126205
2007-01-01,Denmark,4.823528389
2007-01-01,Egypt,1.594736842
2007-01-01,Euro area,3.809210998
2007-01-01,Britain,3.833731
2007-01-01,Hong Kong,1.538767319
2007-01-01,Hungary,3.034609464
2007-01-01,Indonesia,1.749174917
2007-01-01,Japan,2.302915656
2007-01-01,South Korea,3.084614157
2007-01-01,Sri Lanka,1.845466466
2007-01-01,Mexico,2.663140302
2007-01-01,Malaysia,1.570531125
2007-01-01,Norway,6.800714485
2007-01-01,New Zealand,3.22137875
2007-01-01,Pakistan,2.331196403
2007-01-01,Peru,2.97852328
2007-01-01,Philippines,1.732925586
2007-01-01,Poland,2.321864221
2007-01-01,Russia,1.846722068
2007-01-01,Saudi Arabia,2.400640171
2007-01-01,Singapore,2.340778309
2007-01-01,Sweden,4.544647612
2007-01-01,Thailand,1.756373938
2007-01-01,Turkey,3.22752261
2007-01-01,Taiwan,2.277869736
2007-01-01,Ukraine,1.782178218
2007-01-01,Uruguay,2.298850575
2007-01-01,United States,3.22
2007-01-01,South Africa,2.180104786
2007-06-01,UAE,2.722681297
2007-06-01,Argentina,2.668607472
2007-06-01,Australia,2.948717949
2007-06-01,Brazil,3.606900157
2007-06-01,Canada,3.683136361
2007-06-01,Switzerland,5.201453104
2007-06-01,Chile,2.971048885
2007-06-01,China,1.446473891
2007-06-01,Colombia,3.527607362
2007-06-01,Costa Rica,2.178838274
2007-06-01,Czech Republic,2.505120343
2007-06-01,Denmark,5.082138344
2007-06-01,Egypt,1.676551997
2007-06-01,Euro area,4.166889949
2007-06-01,Britain,4.007163503
2007-06-01,Hong Kong,1.53540058
2007-06-01,Hungary,3.329437891
2007-06-01,Indonesia,1.763727121
2007-06-01,Japan,2.289171402
2007-06-01,South Korea,3.143631436
2007-06-01,Sri Lanka,1.885098743
2007-06-01,Mexico,2.693277487
2007-06-01,Malaysia,1.601397583
2007-06-01,Norway,6.880063297
2007-06-01,New Zealand,3.594592483
2007-06-01,Pakistan,2.319032632
2007-06-01,Peru,2.999684244
2007-06-01,Philippines,1.851952721
2007-06-01,Poland,2.50740411
2007-06-01,Russia,2.027428772
2007-06-01,Saudi Arabia,2.399712035
2007-06-01,Singapore,2.592288761
2007-06-01,Sweden,4.858907629
2007-06-01,Thailand,1.799448556
2007-06-01,Turkey,3.659194207
2007-06-01,Taiwan,2.28864375
2007-06-01,Ukraine,1.839880656
2007-06-01,Uruguay,2.58926707
2007-06-01,United States,3.41
2007-06-01,South Africa,2.223497346
2008-06-01,UAE,2.722681297
2008-06-01,Argentina,3.64298725
2008-06-01,Australia,3.362573099
2008-06-01,Brazil,4.733055661
2008-06-01,Canada,4.075531862
2008-06-01,Switzerland,6.35914494
2008-06-01,Chile,3.133528758
2008-06-01,China,1.829089845
2008-06-01,Colombia,3.891807745
2008-06-01,Costa Rica,3.266669086
2008-06-01,Czech Republic,4.55788577
2008-06-01,Denmark,5.951874841
2008-06-01,Egypt,2.447058824
2008-06-01,Euro area,5.342704588
2008-06-01,Britain,4.570496503
2008-06-01,Hong Kong,1.705696771
2008-06-01,Hungary,4.644462899
2008-06-01,Indonesia,2.043269231
2008-06-01,Japan,2.620373403
2008-06-01,South Korea,3.143264083
2008-06-01,Sri Lanka,1.952580195
2008-06-01,Mexico,3.146973497
2008-06-01,Malaysia,1.69857937
2008-06-01,Norway,7.875333471
2008-06-01,New Zealand,3.718600592
2008-06-01,Pakistan,1.97461213
2008-06-01,Peru,3.345070423
2008-06-01,Philippines,1.95571541
2008-06-01,Poland,3.445814566
2008-06-01,Russia,2.539425659
2008-06-01,Saudi Arabia,2.666986705
2008-06-01,Singapore,2.919977823
2008-06-01,Sweden,6.37492975
2008-06-01,Thailand,1.858513189
2008-06-01,Turkey,4.317753092
2008-06-01,Taiwan,2.470152326
2008-06-01,Ukraine,2.391304348
2008-06-01,Uruguay,3.18537859
2008-06-01,United States,3.57
2008-06-01,South Africa,2.241100056
2009-07-01,UAE,2.722570106
2009-07-01,Argentina,3.017382748
2009-07-01,Australia,3.372445411
2009-07-01,Brazil,4.020830204
2009-07-01,Canada,3.350992807
2009-07-01,Switzerland,5.984991483
2009-07-01,Chile,3.190228785
2009-07-01,China,1.82943785
2009-07-01,Colombia,3.340332124
2009-07-01,Costa Rica,3.433063838
2009-07-01,Czech Republic,3.63956906
2009-07-01,Denmark,5.526932084
2009-07-01,Egypt,2.327767581
2009-07-01,Euro area,4.617118998
2009-07-01,Britain,3.688274001
2009-07-01,Hong Kong,1.716018321
2009-07-01,Hungary,3.615225522
2009-07-01,Indonesia,2.049019608
2009-07-01,Israel,3.774297037
2009-07-01,Japan,3.457030195
2009-07-01,South Korea,2.586534804
2009-07-01,Sri Lanka,1.828312729
2009-07-01,Mexico,2.389503563
2009-07-01,Malaysia,1.879511383
2009-07-01,Norway,6.145101202
2009-07-01,New Zealand,3.077212924
2009-07-01,Pakistan,2.300242131
2009-07-01,Peru,2.661029266
2009-07-01,Philippines,2.054149013
2009-07-01,Poland,2.408683939
2009-07-01,Russia,2.042938294
2009-07-01,Saudi Arabia,2.933020478
2009-07-01,Singapore,2.881529532
2009-07-01,Sweden,4.930997642
2009-07-01,Thailand,1.887604273
2009-07-01,Turkey,3.645043708
2009-07-01,Taiwan,2.260704436
2009-07-01,Ukraine,1.82767624
2009-07-01,Uruguay,2.632714717
2009-07-01,United States,3.57
2009-07-01,South Africa,2.167743494
2010-01-01,UAE,2.994827117
2010-01-01,Argentina,1.842832697
2010-01-01,Australia,3.977870239
2010-01-01,Brazil,4.75831254
2010-01-01,Canada,3.973765432
2010-01-01,Switzerland,6.303641565
2010-01-01,Chile,3.18028225
2010-01-01,China,1.830911648
2010-01-01,Colombia,3.912960489
2010-01-01,Costa Rica,3.518890434
2010-01-01,Czech Republic,3.714432415
2010-01-01,Denmark,5.99385891
2010-01-01,Egypt,2.378774016
2010-01-01,Euro area,4.843943997
2010-01-01,Britain,3.671328
2010-01-01,Hong Kong,1.908064797
2010-01-01,Hungary,3.857470742
2010-01-01,Indonesia,2.24248927
2010-01-01,Israel,3.991962492
2010-01-01,Japan,3.495739567
2010-01-01,South Korea,2.981148619
2010-01-01,Sri Lanka,1.828312729
2010-01-01,Mexico,2.497317335
2010-01-01,Malaysia,2.081180812
2010-01-01,Norway,7.023026749
2010-01-01,New Zealand,3.611305598
2010-01-01,Pakistan,2.421307506
2010-01-01,Peru,2.806479707
2010-01-01,Philippines,2.210801394
2010-01-01,Poland,2.85648793
2010-01-01,Russia,2.339024961
2010-01-01,Saudi Arabia,2.666524452
2010-01-01,Singapore,3.188706961
2010-01-01,Sweden,5.506841191
2010-01-01,Thailand,2.11256979
2010-01-01,Turkey,3.831677461
2010-01-01,Taiwan,2.355342702
2010-01-01,Ukraine,1.82767624
2010-01-01,Uruguay,3.32326284
2010-01-01,United States,3.58
2010-01-01,South Africa,2.457389281
2010-07-01,UAE,2.994949426
2010-07-01,Argentina,3.558945027
2010-07-01,Australia,3.8369175
2010-07-01,Brazil,4.907180484
2010-07-01,Canada,4.000575622
2010-07-01,Switzerland,6.185468906
2010-07-01,Chile,3.34192686
2010-07-01,China,1.947793239
2010-07-01,Colombia,4.388664401
2010-07-01,Costa Rica,3.830573724
2010-07-01,Czech Republic,3.425226357
2010-07-01,Denmark,4.902255898
2010-07-01,Egypt,2.281101948
2010-07-01,Euro area,4.332523827
2010-07-01,Britain,3.483548
2010-07-01,Hong Kong,1.90373286
2010-07-01,Hungary,3.333796611
2010-07-01,Indonesia,2.513516496
2010-07-01,Israel,3.858204511
2010-07-01,Japan,3.670566644
2010-07-01,South Korea,2.822865208
2010-07-01,Sri Lanka,1.86211483
2010-07-01,Mexico,2.503520576
2010-07-01,Malaysia,2.193869613
2010-07-01,Norway,7.204322594
2010-07-01,New Zealand,3.59
2010-07-01,Pakistan,2.455422391
2010-07-01,Peru,3.536693192
2010-07-01,Philippines,2.194964493
2010-07-01,Poland,2.596265132
2010-07-01,Russia,2.332208289
2010-07-01,Saudi Arabia,2.666346705
2010-07-01,Singapore,3.078154563
2010-07-01,Sweden,6.564002414
2010-07-01,Thailand,2.166847237
2010-07-01,Turkey,3.890668933
2010-07-01,Taiwan,2.336048341
2010-07-01,Ukraine,1.835675402
2010-07-01,Uruguay,3.744075829
2010-07-01,United States,3.733333333
2010-07-01,South Africa,2.448085982
2011-07-01,UAE,3.267039654
2011-07-01,Argentina,4.83968542
2011-07-01,Australia,4.943724001
2011-07-01,Brazil,6.162428646
2011-07-01,Canada,5.000792938
2011-07-01,Switzerland,8.063015568
2011-07-01,Chile,3.997839006
2011-07-01,China,2.273079907
2011-07-01,Colombia,4.74442248
2011-07-01,Costa Rica,4.065000347
2011-07-01,Czech Republic,4.072400848
2011-07-01,Denmark,5.482403409
2011-07-01,Egypt,2.363300906
2011-07-01,Euro area,4.928401836
2011-07-01,Britain,3.891637
2011-07-01,Hong Kong,1.937934752
2011-07-01,Hungary,4.040996978
2011-07-01,Indonesia,2.643904728
2011-07-01,India,1.891891892
2011-07-01,Israel,4.671867425
2011-07-01,Japan,4.083455624
2011-07-01,South Korea,3.503124408
2011-07-01,Sri Lanka,2.557661567
2011-07-01,Mexico,2.741897479
2011-07-01,Malaysia,2.421796165
2011-07-01,Norway,8.311707502
2011-07-01,New Zealand,4.411500001
2011-07-01,Pakistan,2.375702125
2011-07-01,Peru,3.652968037
2011-07-01,Philippines,2.78236265
2011-07-01,Poland,3.085669336
2011-07-01,Russia,2.702459238
2011-07-01,Saudi Arabia,2.666524452
2011-07-01,Singapore,3.653535479
2011-07-01,Sweden,7.639853517
2011-07-01,Thailand,2.352941176
2011-07-01,Turkey,3.772818295
2011-07-01,Taiwan,2.601095928
2011-07-01,Ukraine,2.064048036
2011-07-01,Uruguay,4.87804878
2011-07-01,United States,4.065
2011-07-01,South Africa,2.873457087
2012-01-01,UAE,3.267084127
2012-01-01,Argentina,4.636606004
2012-01-01,Australia,4.93656
2012-01-01,Brazil,5.67867036
2012-01-01,Canada,4.632939909
2012-01-01,Switzerland,6.805570097
2012-01-01,Chile,4.050983104
2012-01-01,China,2.438445095
2012-01-01,Colombia,4.535269822
2012-01-01,Costa Rica,4.023236645
2012-01-01,Czech Republic,3.448013415
2012-01-01,Denmark,5.37418854
2012-01-01,Egypt,2.567500414
2012-01-01,Euro area,4.430704775
2012-01-01,Britain,3.823395002
2012-01-01,Hong Kong,2.124276619
2012-01-01,Hungary,2.625214062
2012-01-01,Indonesia,2.460043668
2012-01-01,India,1.6183412
2012-01-01,Israel,4.131479797
2012-01-01,Japan,4.160166407
2012-01-01,South Korea,3.193096009
2012-01-01,Sri Lanka,2.545422628
2012-01-01,Mexico,2.703808716
2012-01-01,Malaysia,2.341099839
2012-01-01,Norway,6.788191857
2012-01-01,New Zealand,4.047615
2012-01-01,Pakistan,2.887284842
2012-01-01,Peru,3.714020427
2012-01-01,Philippines,2.681513464
2012-01-01,Poland,2.584896817
2012-01-01,Russia,2.549631248
2012-01-01,Saudi Arabia,2.666524452
2012-01-01,Singapore,3.75154703
2012-01-01,Sweden,5.913063544
2012-01-01,Thailand,2.456692913
2012-01-01,Turkey,3.54276819
2012-01-01,Taiwan,2.501709501
2012-01-01,Ukraine,2.114296375
2012-01-01,Uruguay,4.627249357
2012-01-01,United States,4.19722
2012-01-01,South Africa,2.453753813
2012-07-01,UAE,3.267128602
2012-07-01,Argentina,4.160963592
2012-07-01,Australia,4.680155999
2012-07-01,Brazil,4.935974341
2012-07-01,Canada,5.022315955
2012-07-01,Switzerland,6.56167979
2012-07-01,Chile,4.157793327
2012-07-01,China,2.44971433
2012-07-01,Colombia,4.765929148
2012-07-01,Czech Republic,3.34141011
2012-07-01,Denmark,4.645022492
2012-07-01,Egypt,2.637435094
2012-07-01,Euro area,4.344434693
2012-07-01,Britain,4.1623715
2012-07-01,Hong Kong,2.126795692
2012-07-01,Hungary,3.484245961
2012-07-01,Indonesia,2.552069602
2012-07-01,India,1.584616754
2012-07-01,Israel,2.919349893
2012-07-01,Japan,4.091025313
2012-07-01,South Korea,3.214596003
2012-07-01,Sri Lanka,2.213740458
2012-07-01,Mexico,2.703295098
2012-07-01,Malaysia,2.331810304
2012-07-01,Norway,7.058379363
2012-07-01,New Zealand,4.004520001
2012-07-01,Pakistan,3.012525765
2012-07-01,Philippines,2.796208531
2012-07-01,Poland,2.629791784
2012-07-01,Russia,2.289010461
2012-07-01,Saudi Arabia,2.666488901
2012-07-01,Singapore,3.496225665
2012-07-01,Sweden,5.728681352
2012-07-01,Thailand,2.586750789
2012-07-01,Turkey,4.515846516
2012-07-01,Taiwan,2.483813813
2012-07-01,Ukraine,1.85517284
2012-07-01,Uruguay,4.526748971
2012-07-01,United States,4.3275
2012-07-01,South Africa,2.355844739
2013-01-01,UAE,3.267039654
2013-01-01,Argentina,3.817944338
2013-01-01,Australia,4.900454998
2013-01-01,Brazil,5.64376552
2013-01-01,Canada,5.394356367
2013-01-01,Switzerland,7.124849282
2013-01-01,Chile,4.345521993
2013-01-01,China,2.572181853
2013-01-01,Colombia,4.850057101
2013-01-01,Costa Rica,4.392708105
2013-01-01,Czech Republic,3.722158566
2013-01-01,Denmark,5.183750307
2013-01-01,Egypt,2.393149609
2013-01-01,Euro area,4.878031129
2013-01-01,Britain,4.248182498
2013-01-01,Hong Kong,2.190975757
2013-01-01,Hungary,3.816629792
2013-01-01,Indonesia,2.860404402
2013-01-01,India,1.666822736
2013-01-01,Israel,4.00048328
2013-01-01,Japan,3.513973535
2013-01-01,South Korea,3.408645984
2013-01-01,Sri Lanka,2.767892448
2013-01-01,Mexico,2.904603404
2013-01-01,Malaysia,2.578657152
2013-01-01,Norway,7.842279003
2013-01-01,New Zealand,4.324580001
2013-01-01,Pakistan,2.969333948
2013-01-01,Peru,3.907013088
2013-01-01,Philippines,2.906403941
2013-01-01,Poland,2.943078913
2013-01-01,Russia,2.425694791
2013-01-01,Saudi Arabia,2.933176897
2013-01-01,Singapore,3.644167308
2013-01-01,Sweden,6.388096355
2013-01-01,Thailand,2.92387834
2013-01-01,Turkey,4.777385159
2013-01-01,Taiwan,2.542200529
2013-01-01,Ukraine,2.333005894
2013-01-01,Uruguay,5.446058091
2013-01-01,United States,4.367395833
2013-01-01,South Africa,2.310158063
2013-07-01,UAE,3.267084127
2013-07-01,Argentina,3.879907621
2013-07-01,Australia,4.619864251
2013-07-01,Brazil,5.284830335
2013-07-01,Canada,5.260404281
2013-07-01,Switzerland,6.719040728
2013-07-01,Chile,3.935806988
2013-07-01,China,2.608369606
2013-07-01,Colombia,4.476834982
2013-07-01,Costa Rica,4.311425277
2013-07-01,Czech Republic,3.490595953
2013-07-01,Denmark,4.913284833
2013-07-01,Egypt,2.38973342
2013-07-01,Euro area,4.659391484
2013-07-01,Britain,4.020070499
2013-07-01,Hong Kong,2.191667795
2013-07-01,Hungary,3.76430216
2013-07-01,Indonesia,2.803712995
2013-07-01,India,1.500500167
2013-07-01,Israel,4.799846405
2013-07-01,Japan,3.196643524
2013-07-01,South Korea,3.434005459
2013-07-01,Sri Lanka,2.828746177
2013-07-01,Mexico,2.859096757
2013-07-01,Malaysia,2.295236598
2013-07-01,Norway,7.506404922
2013-07-01,New Zealand,4.299075001
2013-07-01,Pakistan,2.998950367
2013-07-01,Peru,3.5932447
2013-07-01,Philippines,2.652163904
2013-07-01,Poland,2.733620562
2013-07-01,Russia,2.641253958
2013-07-01,Saudi Arabia,2.666524452
2013-07-01,Singapore,3.687142073
2013-07-01,Sweden,6.15687377
2013-07-01,Thailand,2.845723421
2013-07-01,Turkey,4.342384224
2013-07-01,Taiwan,2.630834041
2013-07-01,Ukraine,2.329858982
2013-07-01,Uruguay,4.979843491
2013-07-01,United States,4.556666667
2013-07-01,South Africa,2.239418746
2014-01-01,UAE,3.267084127
2014-01-01,Argentina,3.034134008
2014-01-01,Australia,4.473542499
2014-01-01,Brazil,5.247455619
2014-01-01,Canada,5.013120985
2014-01-01,Switzerland,7.1424647
2014-01-01,Chile,3.690377341
2014-01-01,China,2.743212202
2014-01-01,Colombia,4.337311724
2014-01-01,Costa Rica,4.283551164
2014-01-01,Czech Republic,3.473215078
2014-01-01,Denmark,5.180499509
2014-01-01,Egypt,2.432121822
2014-01-01,Euro area,4.961843535
2014-01-01,Britain,4.6267965
2014-01-01,Hong Kong,2.320230476
2014-01-01,Hungary,3.854824616
2014-01-01,Indonesia,2.301400329
2014-01-01,India,1.53609831
2014-01-01,Israel,5.016914168
2014-01-01,Japan,2.97376373
2014-01-01,South Korea,3.466691652
2014-01-01,Sri Lanka,2.675840979
2014-01-01,Mexico,2.775121412
2014-01-01,Malaysia,2.226568377
2014-01-01,Norway,7.795434798
2014-01-01,New Zealand,4.571874999
2014-01-01,Pakistan,3.035621117
2014-01-01,Peru,3.563156957
2014-01-01,Philippines,2.984744639
2014-01-01,Poland,2.998305306
2014-01-01,Russia,2.62233255
2014-01-01,Saudi Arabia,2.933020478
2014-01-01,Singapore,3.596981663
2014-01-01,Sweden,6.287510717
2014-01-01,Thailand,2.920152091
2014-01-01,Turkey,3.758484225
2014-01-01,Taiwan,2.619276549
2014-01-01,Ukraine,2.267573696
2014-01-01,Uruguay,4.911131899
2014-01-01,United States,4.624166667
2014-01-01,South Africa,2.1603931
2014-07-01,UAE,3.539292958
2014-07-01,Argentina,2.570772762
2014-07-01,Australia,4.814145
2014-07-01,Brazil,5.855196487
2014-07-01,Canada,5.251152181
2014-07-01,Switzerland,6.826241135
2014-07-01,Chile,3.722480235
2014-07-01,China,2.726554055
2014-07-01,Colombia,4.654561199
2014-07-01,Costa Rica,4.001488926
2014-07-01,Czech Republic,3.455514845
2014-07-01,Denmark,5.145518885
2014-07-01,Egypt,2.36781561
2014-07-01,Euro area,4.95354247
2014-07-01,Britain,4.925137996
2014-07-01,Hong Kong,2.425665607
2014-07-01,Hungary,3.766871808
2014-07-01,Indonesia,2.428422425
2014-07-01,India,1.747415282
2014-07-01,Israel,5.12625227
2014-07-01,Japan,3.644243081
2014-07-01,South Korea,4.004884005
2014-07-01,Sri Lanka,2.687036966
2014-07-01,Mexico,3.247619379
2014-07-01,Malaysia,2.408839779
2014-07-01,Norway,7.757826516
2014-07-01,New Zealand,4.944750001
2014-07-01,Pakistan,3.040129712
2014-07-01,Peru,3.586800574
2014-07-01,Philippines,3.703275084
2014-07-01,Poland,2.995376701
2014-07-01,Russia,2.554736668
2014-07-01,Saudi Arabia,2.933059581
2014-07-01,Singapore,3.79644588
2014-07-01,Sweden,5.953774137
2014-07-01,Thailand,3.115166772
2014-07-01,Turkey,4.423191871
2014-07-01,Taiwan,2.634914282
2014-07-01,Ukraine,1.62601626
2014-07-01,Uruguay,4.919460165
2014-07-01,United States,4.795
2014-07-01,Vietnam,2.826189355
2014-07-01,South Africa,2.330115555
2015-01-01,UAE,3.539292958
2015-01-01,Argentina,3.25203252
2015-01-01,Australia,4.318704999
2015-01-01,Brazil,5.206826728
2015-01-01,Canada,4.639615807
2015-01-01,Switzerland,7.543666222
2015-01-01,Chile,3.346693546
2015-01-01,China,2.769057394
2015-01-01,Colombia,3.340408798
2015-01-01,Costa Rica,4.010520622
2015-01-01,Czech Republic,2.919208975
2015-01-01,Denmark,5.376008976
2015-01-01,Egypt,2.303385691
2015-01-01,Euro area,4.263832002
2015-01-01,Britain,4.368234997
2015-01-01,Hong Kong,2.425383965
2015-01-01,Hungary,3.168831083
2015-01-01,Indonesia,2.238701923
2015-01-01,India,1.886715897
2015-01-01,Israel,4.448228969
2015-01-01,Japan,3.141850295
2015-01-01,South Korea,3.784731838
2015-01-01,Sri Lanka,2.654028436
2015-01-01,Mexico,3.349854726
2015-01-01,Malaysia,2.11035818
2015-01-01,Norway,6.297146605
2015-01-01,New Zealand,4.492555001
2015-01-01,Pakistan,2.978110885
2015-01-01,Peru,3.324468085
2015-01-01,Philippines,3.670344517
2015-01-01,Poland,2.48205903
2015-01-01,Russia,1.364465635
2015-01-01,Saudi Arabia,2.927945913
2015-01-01,Singapore,3.525484754
2015-01-01,Sweden,4.968595304
2015-01-01,Thailand,3.036344119
2015-01-01,Turkey,3.96408751
2015-01-01,Taiwan,2.508493951
2015-01-01,Ukraine,1.200859563
2015-01-01,Uruguay,4.626407369
2015-01-01,United States,4.79
2015-01-01,Vietnam,2.806361085
2015-01-01,South Africa,2.221496243
2015-07-01,UAE,3.539389319
2015-07-01,Argentina,3.0651341
2015-07-01,Australia,3.922265
2015-07-01,Brazil,4.28251939
2015-07-01,Canada,4.53593859
2015-07-01,Switzerland,6.821998321
2015-07-01,Chile,3.268736867
2015-07-01,China,2.737872834
2015-07-01,Colombia,2.916312895
2015-07-01,Costa Rica,4.031501969
2015-07-01,Czech Republic,2.833749962
2015-07-01,Denmark,5.078512124
2015-07-01,Egypt,2.162182872
2015-07-01,Euro area,4.053904998
2015-07-01,Britain,4.512446003
2015-07-01,Hong Kong,2.477163648
2015-07-01,Hungary,3.18158583
2015-07-01,Indonesia,2.285585822
2015-07-01,India,1.832728993
2015-07-01,Israel,4.631651382
2015-07-01,Japan,2.985435914
2015-07-01,South Korea,3.760384784
2015-07-01,Sri Lanka,2.614867389
2015-07-01,Mexico,3.113137121
2015-07-01,Malaysia,2.009720215
2015-07-01,Norway,5.649335896
2015-07-01,New Zealand,3.909635
2015-07-01,Pakistan,3.441494592
2015-07-01,Peru,3.141196796
2015-07-01,Philippines,3.605197678
2015-07-01,Poland,2.543989824
2015-07-01,Russia,1.883305465
2015-07-01,Saudi Arabia,3.199530735
2015-07-01,Singapore,3.43969555
2015-07-01,Sweden,5.127513156
2015-07-01,Thailand,3.168316832
2015-07-01,Turkey,3.874210984
2015-07-01,Taiwan,2.546744036
2015-07-01,Ukraine,1.548974943
2015-07-01,Uruguay,4.13238252
2015-07-01,United States,4.79
2015-07-01,Vietnam,2.751031637
2015-07-01,South Africa,2.094316749
2016-01-01,UAE,3.53924478
2016-01-01,Argentina,2.389702554
2016-01-01,Australia,3.743655001
2016-01-01,Brazil,3.354203936
2016-01-01,Canada,4.144195288
2016-01-01,Switzerland,6.443298969
2016-01-01,Chile,2.93618003
2016-01-01,China,2.6836632
2016-01-01,Colombia,2.427855804
2016-01-01,Costa Rica,4.016814573
2016-01-01,Czech Republic,2.982795237
2016-01-01,Denmark,4.322455155
2016-01-01,Egypt,2.162182872
2016-01-01,Euro area,3.999000001
2016-01-01,Britain,4.221856502
2016-01-01,Hong Kong,2.476668365
2016-01-01,Hungary,3.075040731
2016-01-01,Indonesia,2.186771823
2016-01-01,India,1.901126455
2016-01-01,Israel,4.288197308
2016-01-01,Japan,3.118546926
2016-01-01,South Korea,3.590064705
2016-01-01,Sri Lanka,2.429711906
2016-01-01,Mexico,2.810156709
2016-01-01,Malaysia,1.821286283
2016-01-01,Norway,5.214688038
2016-01-01,New Zealand,3.912289999
2016-01-01,Pakistan,2.86027554
2016-01-01,Peru,2.925687537
2016-01-01,Philippines,2.785900367
2016-01-01,Poland,2.371717272
2016-01-01,Russia,1.527024312
2016-01-01,Saudi Arabia,3.196334869
2016-01-01,Singapore,3.270133936
2016-01-01,Sweden,5.231432773
2016-01-01,Thailand,3.092214246
2016-01-01,Turkey,3.405768208
2016-01-01,Taiwan,2.076343229
2016-01-01,Ukraine,1.541755889
2016-01-01,Uruguay,3.743581249
2016-01-01,United States,4.93
2016-01-01,Vietnam,2.67052409
2016-01-01,South Africa,1.770611019
2016-07-01,UAE,3.53924478
2016-07-01,Argentina,3.347840643
2016-07-01,Australia,4.3047375
2016-07-01,Brazil,4.781810609
2016-07-01,Canada,4.60475825
2016-07-01,Switzerland,6.591623568
2016-07-01,Chile,3.532374985
2016-07-01,China,2.785265049
2016-07-01,Colombia,3.03857972
2016-07-01,Costa Rica,4.117937737
2016-07-01,Czech Republic,3.055419193
2016-07-01,Denmark,4.439741607
2016-07-01,Egypt,2.590104674
2016-07-01,Euro area,4.205628998
2016-07-01,Britain,3.940221999
2016-07-01,Hong Kong,2.475694355
2016-07-01,Hungary,3.150822522
2016-07-01,Indonesia,2.364156339
2016-07-01,India,2.410714286
2016-07-01,Israel,4.379656625
2016-07-01,Japan,3.466854064
2016-07-01,South Korea,3.856435427
2016-07-01,Sri Lanka,3.625170999
2016-07-01,Mexico,2.37388724
2016-07-01,Malaysia,1.986590514
2016-07-01,Norway,5.510063519
2016-07-01,New Zealand,4.221300001
2016-07-01,Pakistan,3.577561534
2016-07-01,Peru,3.024940636
2016-07-01,Philippines,2.822880187
2016-07-01,Poland,2.420788521
2016-07-01,Russia,2.050229034
2016-07-01,Saudi Arabia,3.19957339
2016-07-01,Singapore,4.014141563
2016-07-01,Sweden,5.228712543
2016-07-01,Thailand,3.403403403
2016-07-01,Turkey,3.53263995
2016-07-01,Taiwan,2.154297668
2016-07-01,Ukraine,1.572580645
2016-07-01,Uruguay,4.077573347
2016-07-01,United States,5.04
2016-07-01,Vietnam,2.69058296
2016-07-01,South Africa,2.101760224
2017-01-01,UAE,3.539341138
2017-01-01,Argentina,3.468390352
2017-01-01,Australia,4.275180001
2017-01-01,Brazil,5.117945378
2017-01-01,Canada,4.509803922
2017-01-01,Switzerland,6.350136772
2017-01-01,Chile,3.641471154
2017-01-01,China,2.829671123
2017-01-01,Colombia,3.305923112
2017-01-01,Costa Rica,4.058954053
2017-01-01,Czech Republic,2.905653433
2017-01-01,Denmark,4.224608344
2017-01-01,Egypt,1.464571124
2017-01-01,Euro area,4.061778002
2017-01-01,Britain,3.728394002
2017-01-01,Hong Kong,2.475518795
2017-01-01,Hungary,3.054811464
2017-01-01,Indonesia,2.325755871
2017-01-01,India,2.48801727
2017-01-01,Israel,4.383916991
2017-01-01,Japan,3.257189388
2017-01-01,South Korea,3.677546074
2017-01-01,Sri Lanka,3.665200586
2017-01-01,Mexico,2.232295392
2017-01-01,Malaysia,1.7891088
2017-01-01,Norway,5.665820648
2017-01-01,New Zealand,4.1853
2017-01-01,Pakistan,3.579098067
2017-01-01,Peru,3.242064311
2017-01-01,Philippines,2.680640935
2017-01-01,Poland,2.300971921
2017-01-01,Russia,2.15098242
2017-01-01,Saudi Arabia,3.199445429
2017-01-01,Singapore,3.892267593
2017-01-01,Sweden,5.260533396
2017-01-01,Thailand,3.345233745
2017-01-01,Turkey,2.748552216
2017-01-01,Taiwan,2.162670428
2017-01-01,Ukraine,1.542133284
2017-01-01,Uruguay,4.351610096
2017-01-01,United States,5.06
2017-01-01,Vietnam,2.658160553
2017-01-01,South Africa,1.886400287
2017-07-01,UAE,3.811598149
2017-07-01,Argentina,4.125534109
2017-07-01,Australia,4.527955001
2017-07-01,Brazil,5.101567573
2017-07-01,Canada,4.655696795
2017-07-01,Switzerland,6.741689571
2017-07-01,Chile,3.844095545
2017-07-01,China,2.917127072
2017-07-01,Colombia,3.243604529
2017-07-01,Costa Rica,4.000034935
2017-07-01,Czech Republic,3.281399714
2017-07-01,Denmark,4.606490545
2017-07-01,Egypt,1.753983785
2017-07-01,Euro area,4.4650245
2017-07-01,Britain,4.111431502
2017-07-01,Hong Kong,2.457914613
2017-07-01,Hungary,3.208947528
2017-07-01,Indonesia,2.402932047
2017-07-01,India,2.757231925
2017-07-01,Israel,4.773337099
2017-07-01,Japan,3.361047232
2017-07-01,South Korea,3.843969772
2017-07-01,Sri Lanka,3.772971215
2017-07-01,Mexico,2.754240265
2017-07-01,Malaysia,2.003027833
2017-07-01,Norway,5.914160189
2017-07-01,New Zealand,4.432259999
2017-07-01,Pakistan,3.566333809
2017-07-01,Peru,3.229278794
2017-07-01,Philippines,2.649451821
2017-07-01,Poland,2.723399666
2017-07-01,Russia,2.278135388
2017-07-01,Saudi Arabia,3.199872005
2017-07-01,Singapore,4.06474559
2017-07-01,Sweden,5.818920701
2017-07-01,Thailand,3.496246676
2017-07-01,Turkey,3.006110094
2017-07-01,Taiwan,2.26396522
2017-07-01,Ukraine,1.697858383
2017-07-01,Uruguay,4.52882773
2017-07-01,United States,5.3
2017-07-01,Vietnam,2.63939294
2017-07-01,South Africa,2.260738508
2018-01-01,UAE,3.811598149
2018-01-01,Argentina,3.96039604
2018-01-01,Australia,4.706135
2018-01-01,Brazil,5.111682518
2018-01-01,Canada,5.25724376
2018-01-01,Switzerland,6.764843628
2018-01-01,Chile,4.290889287
2018-01-01,China,3.171641791
2018-01-01,Colombia,3.832468391
2018-01-01,Costa Rica,4.027931683
2018-01-01,Czech Republic,3.807779438
2018-01-01,Denmark,4.93202032
2018-01-01,Egypt,1.932768362
2018-01-01,Euro area,4.835787497
2018-01-01,Britain,4.413045999
2018-01-01,Hong Kong,2.621818647
2018-01-01,Hungary,3.426638505
2018-01-01,Indonesia,2.67609851
2018-01-01,India,2.81861066
2018-01-01,Israel,4.801606356
2018-01-01,Japan,3.431925943
2018-01-01,South Korea,4.115033902
2018-01-01,Sri Lanka,3.771131339
2018-01-01,Mexico,2.57186487
2018-01-01,Malaysia,2.276176024
2018-01-01,Norway,6.241958701
2018-01-01,New Zealand,4.510190001
2018-01-01,Pakistan,3.393511606
2018-01-01,Peru,3.268991283
2018-01-01,Philippines,2.641695416
2018-01-01,Poland,2.965572928
2018-01-01,Russia,2.290950745
2018-01-01,Saudi Arabia,3.19974402
2018-01-01,Singapore,4.385467468
2018-01-01,Sweden,6.12311069
2018-01-01,Thailand,3.72456964
2018-01-01,Turkey,2.827013096
2018-01-01,Taiwan,2.334788346
2018-01-01,Ukraine,1.636775205
2018-01-01,Uruguay,4.898530441
2018-01-01,United States,5.28
2018-01-01,Vietnam,2.861986218
2018-01-01,South Africa,2.447351354
2018-07-01,United Arab Emirates,3.811442495
2018-07-01,Argentina,2.705139766
2018-07-01,Australia,4.5154175
2018-07-01,Azerbaijan,2.321140003
2018-07-01,Bahrain,3.161638783
2018-07-01,Brazil,4.402933552
2018-07-01,Canada,5.06724578
2018-07-01,Switzerland,6.544173169
2018-07-01,Chile,4.050757215
2018-07-01,China,3.095741468
2018-07-01,Colombia,4.140469787
2018-07-01,Costa Rica,4.03311025
2018-07-01,Czech Republic,3.399086779
2018-07-01,Denmark,4.717648724
2018-07-01,Egypt,1.752024574
2018-07-01,Euro area,4.735082
2018-07-01,Britain,4.231535
2018-07-01,Guatemala,3.339076545
2018-07-01,Hong Kong,2.548338802
2018-07-01,Honduras,3.542759017
2018-07-01,Croatia,3.326600927
2018-07-01,Hungary,3.074917285
2018-07-01,Indonesia,2.193593315
2018-07-01,India,2.513621504
2018-07-01,Israel,4.676882445
2018-07-01,Jordan,2.746285473
2018-07-01,Japan,3.505617978
2018-07-01,South Korea,4.032258065
2018-07-01,Kuwait,3.47107438
2018-07-01,Lebanon,4.301786896
2018-07-01,Sri Lanka,3.641614868
2018-07-01,Moldova,2.582179359
2018-07-01,Mexico,2.57197596
2018-07-01,Malaysia,2.100683654
2018-07-01,Nicaragua,3.260814507
2018-07-01,Norway,5.222906174
2018-07-01,New Zealand,4.23398
2018-07-01,Oman,2.727272727
2018-07-01,Pakistan,3.0866738
2018-07-01,Peru,3.20953691
2018-07-01,Philippines,2.617458448
2018-07-01,Poland,2.739391638
2018-07-01,Qatar,3.295797858
2018-07-01,Romania,2.315484805
2018-07-01,Russia,2.092028326
2018-07-01,Saudi Arabia,3.199658703
2018-07-01,Singapore,4.277759339
2018-07-01,Sweden,5.826840025
2018-07-01,Thailand,3.587579138
2018-07-01,Turkey,2.284196547
2018-07-01,Taiwan,2.271791917
2018-07-01,Ukraine,1.908469789
2018-07-01,Uruguay,4.471414883
2018-07-01,United States,5.51
2018-07-01,Vietnam,2.82124178
2018-07-01,South Africa,2.320029337
2019-01-01,United Arab Emirates,3.811442495
2019-01-01,Argentina,2.002402883
2019-01-01,Australia,4.352045
2019-01-01,Azerbaijan,2.328323018
2019-01-01,Bahrain,3.183023873
2019-01-01,Brazil,4.545515674
2019-01-01,Canada,5.084873066
2019-01-01,Switzerland,6.62150461
2019-01-01,Chile,3.888127955
2019-01-01,China,3.051228521
2019-01-01,Colombia,3.728654238
2019-01-01,Costa Rica,3.772807776
2019-01-01,Czech Republic,3.80966894
2019-01-01,Denmark,4.604440215
2019-01-01,Egypt,2.233389168
2019-01-01,Euro area,4.6419075
2019-01-01,Britain,4.072992
2019-01-01,Guatemala,3.234864071
2019-01-01,Hong Kong,2.552860161
2019-01-01,Honduras,3.492323052
2019-01-01,Croatia,3.241315974
2019-01-01,Hungary,3.032803336
2019-01-01,Indonesia,2.342086586
2019-01-01,India,2.554351726
2019-01-01,Israel,4.584867241
2019-01-01,Jordan,2.748027057
2019-01-01,Japan,3.596458871
2019-01-01,South Korea,4.02288575
2019-01-01,Kuwait,3.464203233
2019-01-01,Lebanon,4.313205043
2019-01-01,Sri Lanka,3.182529013
2019-01-01,Moldova,2.317094364
2019-01-01,Mexico,2.537709588
2019-01-01,Malaysia,2.197935641
2019-01-01,Nicaragua,3.182873053
2019-01-01,Norway,5.859672561
2019-01-01,New Zealand,4.1912
2019-01-01,Oman,2.727981294
2019-01-01,Pakistan,3.312211982
2019-01-01,Peru,3.135732418
2019-01-01,Philippines,2.672138188
2019-01-01,Poland,2.801157812
2019-01-01,Qatar,3.295571576
2019-01-01,Romania,2.286725925
2019-01-01,Russia,1.652095674
2019-01-01,Saudi Arabia,3.199018968
2019-01-01,Singapore,4.277601593
2019-01-01,Sweden,5.838596491
2019-01-01,Thailand,3.717878622
2019-01-01,Turkey,1.996879296
2019-01-01,Taiwan,2.240041554
2019-01-01,Ukraine,1.942446043
2019-01-01,Uruguay,4.306367272
2019-01-01,United States,5.58
2019-01-01,Vietnam,2.801844907
2019-01-01,South Africa,2.235442582
2019-07-09,United Arab Emirates,4.015626914
2019-07-09,Argentina,2.870504372
2019-07-09,Australia,4.260105
2019-07-09,Azerbaijan,2.328323018
2019-07-09,Bahrain,3.713527851
2019-07-09,Brazil,4.596433168
2019-07-09,Canada,5.155934656
2019-07-09,Switzerland,6.542197172
2019-07-09,Chile,3.827473722
2019-07-09,China,3.050286146
2019-07-09,Colombia,3.687635575
2019-07-09,Costa Rica,3.935147396
2019-07-09,Czech Republic,3.728184637
2019-07-09,Denmark,4.504978001
2019-07-09,Egypt,2.527836293
2019-07-09,Euro area,4.572252
2019-07-09,Britain,4.101314
2019-07-09,Guatemala,3.255123564
2019-07-09,Hong Kong,2.624671916
2019-07-09,Honduras,3.512584037
2019-07-09,Croatia,3.334293206
2019-07-09,Hungary,3.097667388
2019-07-09,Indonesia,2.264685067
2019-07-09,India,2.669412904
2019-07-09,Israel,4.766310595
2019-07-09,Jordan,3.244005642
2019-07-09,Japan,3.585712316
2019-07-09,South Korea,3.811782644
2019-07-09,Kuwait,3.612479475
2019-07-09,Lebanon,4.313205043
2019-07-09,Sri Lanka,3.643090935
2019-07-09,Moldova,2.413804718
2019-07-09,Mexico,2.646167688
2019-07-09,Malaysia,2.136391068
2019-07-09,Nicaragua,3.317039633
2019-07-09,Norway,4.853948167
2019-07-09,New Zealand,4.2288
2019-07-09,Oman,3.142857143
2019-07-09,Pakistan,3.048586853
2019-07-09,Peru,3.194596568
2019-07-09,Philippines,2.767087251
2019-07-09,Poland,2.836320662
2019-07-09,Qatar,3.569712364
2019-07-09,Romania,2.204209329
2019-07-09,Russia,2.036380725
2019-07-09,Saudi Arabia,3.466343141
2019-07-09,Singapore,4.260633218
2019-07-09,Sweden,5.382557348
2019-07-09,Thailand,3.860189766
2019-07-09,Turkey,2.444949318
2019-07-09,Taiwan,2.309765174
2019-07-09,Ukraine,2.222438834
2019-07-09,Uruguay,4.663131406
2019-07-09,United States,5.74
2019-07-09,Vietnam,2.79798545
2019-07-09,South Africa,2.186948854
2020-01-14,United Arab Emirates,4.015626914
2020-01-14,Argentina,2.846887403
2020-01-14,Australia,4.451145
2020-01-14,Azerbaijan,2.328323018
2020-01-14,Bahrain,3.713527851
2020-01-14,Brazil,4.804558295
2020-01-14,Canada,5.181585091
2020-01-14,Switzerland,6.713142267
2020-01-14,Chile,3.416414318
2020-01-14,China,3.122730574
2020-01-14,Colombia,3.619634234
2020-01-14,Costa Rica,4.123060188
2020-01-14,Czech Republic,3.755918333
2020-01-14,Denmark,4.464717569
2020-01-14,Egypt,2.644836272
2020-01-14,Euro area,4.582058
2020-01-14,Britain,4.4102205
2020-01-14,Guatemala,3.244098984
2020-01-14,Hong Kong,2.636537262
2020-01-14,Honduras,3.52872463
2020-01-14,Croatia,3.28529829
2020-01-14,Hungary,3.012550284
2020-01-14,Indonesia,2.414045355
2020-01-14,India,2.652439433
2020-01-14,Israel,4.914004914
2020-01-14,Jordan,3.244005642
2020-01-14,Japan,3.544165758
2020-01-14,South Korea,3.892396851
2020-01-14,Kuwait,3.625576796
2020-01-14,Lebanon,4.29326288
2020-01-14,Sri Lanka,3.196472858
2020-01-14,Moldova,2.583237658
2020-01-14,Mexico,2.656677559
2020-01-14,Malaysia,2.331574426
2020-01-14,Nicaragua,3.542299484
2020-01-14,Norway,5.971730055
2020-01-14,New Zealand,4.29455
2020-01-14,Oman,2.99961044
2020-01-14,Pakistan,3.357546408
2020-01-14,Peru,3.57615098
2020-01-14,Philippines,2.807433768
2020-01-14,Poland,2.897329189
2020-01-14,Qatar,3.570447679
2020-01-14,Romania,2.210227537
2020-01-14,Russia,2.197533879
2020-01-14,Saudi Arabia,3.465003465
2020-01-14,Singapore,4.379616227
2020-01-14,Sweden,5.444492605
2020-01-14,Thailand,3.798199983
2020-01-14,Turkey,2.20908975
2020-01-14,Taiwan,2.409275711
2020-01-14,Ukraine,2.375989996
2020-01-14,Uruguay,4.781621477
2020-01-14,United States,5.67
2020-01-14,Vietnam,2.847773559
2020-01-14,South Africa,2.154124105
2020-07-01,United Arab Emirates,4.015845574
2020-07-01,Argentina,3.50923244
2020-07-01,Australia,4.57845
2020-07-01,Azerbaijan,2.324896998
2020-07-01,Bahrain,3.713035406
2020-07-01,Brazil,3.913527886
2020-07-01,Canada,5.07674144
2020-07-01,Switzerland,6.905710491
2020-07-01,Chile,3.478481655
2020-07-01,China,3.098450775
2020-07-01,Colombia,3.290010257
2020-07-01,Costa Rica,4.039015168
2020-07-01,Czech Republic,3.801242024
2020-07-01,Denmark,4.580607236
2020-07-01,Egypt,2.63322884
2020-07-01,Euro area,4.7861385
2020-07-01,Britain,4.2773325
2020-07-01,Guatemala,3.249707526
2020-07-01,Hong Kong,2.644837084
2020-07-01,Honduras,3.523593904
2020-07-01,Croatia,3.319652342
2020-07-01,Hungary,2.890378076
2020-07-01,Indonesia,2.355386214
2020-07-01,India,2.526679743
2020-07-01,Israel,4.946605756
2020-07-01,Jordan,3.244005642
2020-07-01,Japan,3.635516197
2020-07-01,South Korea,3.747033598
2020-07-01,Kuwait,3.736192333
2020-07-01,Lebanon,5.952380952
2020-07-01,Sri Lanka,3.658864676
2020-07-01,Moldova,2.752562225
2020-07-01,Mexico,2.228561241
2020-07-01,Malaysia,2.342046653
2020-07-01,Nicaragua,3.49088878
2020-07-01,Norway,5.549004647
2020-07-01,New Zealand,4.34841
2020-07-01,Oman,2.857142857
2020-07-01,Pakistan,3.303303303
2020-07-01,Peru,3.402624882
2020-07-01,Philippines,2.872981831
2020-07-01,Poland,2.789435646
2020-07-01,Qatar,3.570447679
2020-07-01,Romania,2.323916386
2020-07-01,Russia,1.91258766
2020-07-01,Saudi Arabia,3.732288293
2020-07-01,Singapore,4.251945806
2020-07-01,Sweden,5.755931016
2020-07-01,Thailand,4.078381392
2020-07-01,Turkey,2.039507253
2020-07-01,Taiwan,2.444282247
2020-07-01,Ukraine,2.174714338
2020-07-01,Uruguay,4.327418432
2020-07-01,United States,5.71
2020-07-01,Vietnam,2.84728214
2020-07-01,South Africa,1.859349228