Date,Price
2004-08-19,2.490664
2004-08-20,2.51582
2004-08-23,2.758411
2004-08-24,2.770615
2004-08-25,2.614201
2004-08-26,2.613952
2004-08-27,2.692408
2004-08-30,2.622171
2004-08-31,2.54795
2004-09-01,2.557912
2004-09-02,2.47049
2004-09-03,2.514326
2004-09-07,2.51582
2004-09-08,2.509095
2004-09-09,2.553678
2004-09-10,2.530515
2004-09-13,2.655795
2004-09-14,2.676219
2004-09-15,2.753679
2004-09-16,2.798012
2004-09-17,2.849818
2004-09-20,2.912832
2004-09-21,2.984065
2004-09-22,2.92404
2004-09-23,2.959906
2004-09-24,3.012209
2004-09-27,2.977838
2004-09-28,3.021176
2004-09-29,3.155672
2004-09-30,3.235373
2004-10-01,3.257789
2004-10-04,3.368624
2004-10-05,3.353929
2004-10-06,3.425909
2004-10-07,3.410218
2004-10-08,3.45505
2004-10-11,3.41221
2004-10-12,3.348449
2004-10-13,3.56962
2004-10-14,3.512086
2004-10-15,3.60972
2004-10-18,3.566631
2004-10-19,3.74845
2004-10-20,3.68693
2004-10-21,3.596519
2004-10-22,4.247579
2004-10-25,4.393532
2004-10-26,4.641104
2004-10-27,4.550942
2004-10-28,4.649572
2004-10-29,4.953682
2004-11-01,4.820681
2004-11-02,4.950943
2004-11-03,4.935999
2004-11-04,4.693408
2004-11-05,4.532511
2004-11-08,4.257293
2004-11-09,4.336247
2004-11-10,4.250817
2004-11-11,4.212461
2004-11-12,4.613458
2004-11-15,4.494404
2004-11-16,4.420929
2004-11-17,4.209721
2004-11-18,4.241352
2004-11-19,4.211713
2004-11-22,4.096396
2004-11-23,4.183569
2004-11-24,4.354179
2004-11-26,4.378588
2004-11-29,4.492162
2004-11-30,4.50088
2004-12-01,4.531764
2004-12-02,4.480705
2004-12-03,4.481951
2004-12-06,4.461527
2004-12-07,4.383569
2004-12-08,4.242847
2004-12-09,4.240356
2004-12-10,4.319559
2004-12-13,4.288177
2004-12-14,4.259036
2004-12-15,4.433134
2004-12-16,4.407231
2004-12-17,4.402498
2004-12-20,4.533009
2004-12-21,4.640357
2004-12-22,4.580332
2004-12-23,4.66875
2004-12-27,4.711092
2004-12-28,4.784815
2004-12-29,4.776596
2004-12-30,4.806235
2004-12-31,4.962151
2005-01-03,4.916571
2005-01-04,5.016198
2005-01-05,4.81819
2005-01-06,4.858788
2005-01-07,4.748203
2005-01-10,4.844342
2005-01-11,4.872238
2005-01-12,4.840108
2005-01-13,4.86626
2005-01-14,4.881702
2005-01-18,5.005488
2005-01-19,5.097145
2005-01-20,4.794529
2005-01-21,4.845338
2005-01-24,4.699635
2005-01-25,4.531515
2005-01-26,4.465014
2005-01-27,4.701378
2005-01-28,4.73276
2005-01-31,4.824168
2005-02-01,4.841353
2005-02-02,5.368627
2005-02-03,5.13052
2005-02-04,5.142475
2005-02-07,5.112338
2005-02-08,4.905613
2005-02-09,5.000258
2005-02-10,4.781328
2005-02-11,4.649074
2005-02-14,4.55418
2005-02-15,4.821926
2005-02-16,4.849324
2005-02-17,4.927281
2005-02-18,4.944218
2005-02-22,4.894156
2005-02-23,4.814454
2005-02-24,4.567131
2005-02-25,4.711092
2005-02-28,4.632636
2005-03-01,4.714579
2005-03-02,4.63139
2005-03-03,4.635874
2005-03-04,4.65007
2005-03-07,4.67697
2005-03-08,4.709846
2005-03-09,4.588053
2005-03-10,4.508352
2005-03-11,4.494155
2005-03-14,4.441602
2005-03-15,4.366135
2005-03-16,4.401004
2005-03-17,4.411714
2005-03-18,4.453557
2005-03-21,4.465014
2005-03-22,4.512586
2005-03-23,4.432635
2005-03-24,4.500631
2005-03-28,4.525039
2005-03-29,4.509348
2005-03-30,4.499136
2005-03-31,4.432137
2005-04-01,4.527032
2005-04-04,4.481951
2005-04-05,4.675724
2005-04-06,4.713333
2005-04-07,4.701876
2005-04-08,4.824168
2005-04-11,4.809224
2005-04-12,4.806982
2005-04-13,4.818688
2005-04-14,4.813707
2005-04-15,4.734753
2005-04-18,4.597268
2005-04-19,4.715575
2005-04-20,4.945961
2005-04-21,4.99179
2005-04-22,5.551691
2005-04-25,5.425165
2005-04-26,5.484941
2005-04-27,5.429399
2005-04-28,5.467008
2005-04-29,5.527033
2005-05-02,5.53052
2005-05-03,5.525539
2005-05-04,5.659537
2005-05-05,5.694157
2005-05-06,5.688677
2005-05-09,5.678715
2005-05-10,5.615701
2005-05-11,5.702874
2005-05-12,5.748702
2005-05-13,5.708105
2005-05-16,5.720558
2005-05-17,5.742476
2005-05-18,5.818441
2005-05-19,5.986063
2005-05-20,6.007732
2005-05-23,6.0563
2005-05-24,6.400011
2005-05-25,6.294656
2005-05-26,6.499638
2005-05-27,6.487184
2005-05-31,6.710597
2005-06-01,7.053562
2005-06-02,7.191295
2005-06-03,7.142976
2005-06-06,7.033387
2005-06-07,7.399764
2005-06-08,7.293911
2005-06-09,7.09142
2005-06-10,7.147958
2005-06-13,6.969377
2005-06-14,6.938742
2005-06-15,6.849327
2005-06-16,6.830896
2005-06-17,6.948954
2005-06-20,6.876475
2005-06-21,7.174857
2005-06-22,7.214708
2005-06-23,7.173113
2005-06-24,7.245343
2005-06-27,7.444596
2005-06-28,7.628407
2005-06-29,7.53426
2005-06-30,7.331022
2005-07-01,7.348456
2005-07-05,7.275231
2005-07-06,7.404745
2005-07-07,7.207734
2005-07-08,7.378593
2005-07-11,7.382329
2005-07-12,7.30736
2005-07-13,7.285442
2005-07-14,7.604995
2005-07-15,7.502877
2005-07-18,7.471993
2005-07-19,7.524297
2005-07-20,7.610723
2005-07-21,7.821931
2005-07-22,7.630648
2005-07-25,7.53152
2005-07-26,7.347709
2005-07-27,7.415704
2005-07-28,7.407485
2005-07-29,7.276227
2005-08-01,7.176102
2005-08-02,7.262777
2005-08-03,7.42218
2005-08-04,7.361159
2005-08-05,7.409727
2005-08-08,7.312591
2005-08-09,7.271744
2005-08-10,7.255305
2005-08-11,7.12056
2005-08-12,7.057547
2005-08-15,7.217945
2005-08-16,7.095405
2005-08-17,7.111096
2005-08-18,6.871992
2005-08-19,6.998518
2005-08-22,7.004744
2005-08-23,6.878219
2005-08-24,6.913337
2005-08-25,7.037372
2005-08-26,7.060535
2005-08-29,7.029651
2005-08-30,7.15792
2005-08-31,7.178842
2005-09-01,7.121059
2005-09-02,7.136003
2005-09-06,7.19802
2005-09-07,7.12056
2005-09-08,7.343226
2005-09-09,7.404247
2005-09-12,7.51558
2005-09-13,7.696153
2005-09-14,7.689428
2005-09-15,7.460038
2005-09-16,7.572118
2005-09-19,7.4969
2005-09-20,7.625169
2005-09-21,7.681458
2005-09-22,7.75842
2005-09-23,7.79578
2005-09-26,7.957673
2005-09-27,7.844347
2005-09-28,7.826166
2005-09-29,7.63837
2005-09-30,7.826166
2005-10-03,7.811471
2005-10-04,7.968881
2005-10-05,7.788058
2005-10-06,7.824173
2005-10-07,7.840362
2005-10-10,7.803501
2005-10-11,7.736253
2005-10-12,7.601508
2005-10-13,7.521806
2005-10-14,7.469502
2005-10-17,7.409727
2005-10-18,7.59553
2005-10-19,7.57162
2005-10-20,7.720811
2005-10-21,8.612717
2005-10-24,8.552194
2005-10-25,8.612219
2005-10-26,8.624673
2005-10-27,8.881709
2005-10-28,8.848583
2005-10-31,8.972369
2005-11-01,9.261785
2005-11-02,9.506866
2005-11-03,9.52455
2005-11-04,9.713093
2005-11-07,9.840615
2005-11-08,9.819444
2005-11-09,9.630652
2005-11-10,9.423678
2005-11-11,9.841113
2005-11-14,9.766393
2005-11-15,9.822682
2005-11-16,9.868012
2005-11-17,10.007489
2005-11-18,10.049582
2005-11-21,9.941985
2005-11-22,10.1781
2005-11-23,10.387067
2005-11-25,10.604751
2005-11-28,10.705374
2005-11-29,10.571874
2005-11-30,10.06876
2005-12-01,10.191799
2005-12-02,10.384576
2005-12-05,10.38607
2005-12-06,10.179345
2005-12-07,10.116082
2005-12-08,10.094663
2005-12-09,10.336257
2005-12-12,10.327042
2005-12-13,10.273991
2005-12-14,10.387067
2005-12-15,10.438623
2005-12-16,10.593792
2005-12-19,10.764651
2005-12-20,10.656557
2005-12-21,10.798275
2005-12-22,10.753942
2005-12-23,10.763406
2005-12-27,10.756183
2005-12-28,10.568885
2005-12-29,10.659545
2005-12-30,10.392795
2006-01-03,10.523555
2006-01-04,11.056059
2006-01-05,11.108363
2006-01-06,11.379098
2006-01-09,11.616708
2006-01-10,11.567144
2006-01-11,11.737754
2006-01-12,11.798775
2006-01-13,11.564404
2006-01-17,11.53327
2006-01-18,11.140742
2006-01-19,11.23713
2006-01-20,10.926545
2006-01-23,10.146469
2006-01-24,10.860044
2006-01-25,11.239372
2006-01-26,10.947466
2006-01-27,10.83439
2006-01-30,10.690679
2006-01-31,10.724054
2006-02-01,9.689432
2006-02-02,10.057801
2006-02-03,9.803753
2006-02-06,9.596779
2006-02-07,9.538996
2006-02-08,9.1776
2006-02-09,9.245346
2006-02-10,9.01496
2006-02-13,8.633639
2006-02-14,8.601011
2006-02-15,8.49989
2006-02-16,8.60948
2006-02-17,9.211971
2006-02-21,9.126791
2006-02-22,9.144474
2006-02-23,9.106118
2006-02-24,9.397277
2006-02-27,9.496156
2006-02-28,9.793292
2006-03-01,9.179593
2006-03-02,9.072992
2006-03-03,9.571623
2006-03-06,9.48719
2006-03-07,9.091423
2006-03-08,8.815208
2006-03-09,8.851572
2006-03-10,8.555432
2006-03-13,8.491422
2006-03-14,8.397026
2006-03-15,8.736503
2006-03-16,8.682705
2006-03-17,8.438371
2006-03-20,8.52654
2006-03-21,8.717574
2006-03-22,8.462032
2006-03-23,8.526789
2006-03-24,9.181087
2006-03-27,9.14298
2006-03-28,9.258049
2006-03-29,9.46303
2006-03-30,9.693417
2006-03-31,9.682209
2006-04-03,9.701885
2006-04-04,9.7111
2006-04-05,10.166892
2006-04-06,10.124302
2006-04-07,10.271749
2006-04-10,10.138997
2006-04-11,10.371625
2006-04-12,10.186817
2006-04-13,10.177602
2006-04-17,10.048585
2006-04-18,10.160167
2006-04-19,10.275734
2006-04-20,10.23688
2006-04-21,11.180592
2006-04-24,10.943979
2006-04-25,10.949708
2006-04-26,10.653568
2006-04-27,10.533269
2006-04-28,10.426668
2006-05-01,10.422683
2006-05-02,9.989557
2006-05-03,9.871748
2006-05-04,9.838871
2006-05-05,9.902882
2006-05-08,9.840864
2006-05-09,9.855559
2006-05-10,10.169632
2006-05-11,10.047838
2006-05-12,9.552694
2006-05-15,9.363155
2006-05-16,9.364649
2006-05-17,9.230651
2006-05-18,9.434139
2006-05-19,9.297152
2006-05-22,9.161909
2006-05-23,9.320315
2006-05-24,9.398522
2006-05-25,9.441611
2006-05-26,9.57785
2006-05-30,9.421685
2006-05-31,9.310103
2006-06-01,9.303628
2006-06-02,9.634886
2006-06-05,9.369381
2006-06-06,9.379344
2006-06-07,9.794289
2006-06-08,9.657551
2006-06-09,9.768137
2006-06-12,9.672246
2006-06-13,9.486941
2006-06-14,9.709357
2006-06-15,9.629407
2006-06-16,9.691175
2006-06-19,9.734762
2006-06-20,9.664525
2006-06-21,9.739992
2006-06-22,10.00201
2006-06-23,10.0314
2006-06-26,10.130777
2006-06-27,10.104874
2006-06-28,10.062533
2006-06-29,10.161662
2006-06-30,10.351201
2006-07-03,10.461787
2006-07-05,10.498648
2006-07-06,10.544975
2006-07-07,10.611476
2006-07-10,10.546469
2006-07-11,10.423679
2006-07-12,10.512845
2006-07-13,10.311351
2006-07-14,10.219943
2006-07-17,10.077975
2006-07-18,10.205497
2006-07-19,9.838373
2006-07-20,10.069258
2006-07-21,9.617451
2006-07-24,9.783828
2006-07-25,9.589556
2006-07-26,9.668759
2006-07-27,9.648087
2006-07-28,9.514338
2006-07-31,9.663778
2006-08-01,9.591798
2006-08-02,9.354935
2006-08-03,9.090427
2006-08-04,9.453566
2006-08-07,9.252818
2006-08-08,9.534761
2006-08-09,9.534263
2006-08-10,9.312096
2006-08-11,9.325047
2006-08-14,9.252818
2006-08-15,9.317825
2006-08-16,9.5512
2006-08-17,9.623678
2006-08-18,9.621686
2006-08-21,9.417202
2006-08-22,9.407987
2006-08-23,9.405745
2006-08-24,9.326044
2006-08-25,9.292171
2006-08-28,9.355184
2006-08-29,9.483952
2006-08-30,9.444848
2006-08-31,9.501636
2006-09-01,9.489182
2006-09-05,9.461287
2006-09-06,9.516829
2006-09-07,9.449332
2006-09-08,9.382831
2006-09-11,9.421187
2006-09-12,9.589058
2006-09-13,9.84186
2006-09-14,10.069756
2006-09-15,10.148959
2006-09-18,10.211724
2006-09-19,10.347714
2006-09-20,10.139495
2006-09-21,9.97013
2006-09-22,10.086693
2006-09-25,10.101637
2006-09-26,10.099644
2006-09-27,10.119569
2006-09-28,10.064277
2006-09-29,10.090429
2006-10-02,10.00998
2006-10-03,9.994787
2006-10-04,10.086444
2006-10-05,10.328785
2006-10-06,10.217203
2006-10-09,10.580342
2006-10-10,10.748711
2006-10-11,10.585822
2006-10-12,10.673991
2006-10-13,10.654066
2006-10-16,10.652572
2006-10-17,10.468262
2006-10-18,10.535261
2006-10-19,10.466519
2006-10-20,11.4319
2006-10-23,11.513843
2006-10-24,11.862536
2006-10-25,11.892673
2006-10-26,12.146472
2006-10-27,12.052325
2006-10-30,11.826173
2006-10-31,11.90687
2006-11-01,11.924305
2006-11-02,11.643856
2006-11-03,11.761664
2006-11-06,11.800021
2006-11-07,11.879224
2006-11-08,11.71484
2006-11-09,11.868016
2006-11-10,11.80027
2006-11-13,11.828165
2006-11-14,11.972624
2006-11-15,12.289685
2006-11-16,12.328789
2006-11-17,12.285202
2006-11-20,12.413471
2006-11-21,12.367145
2006-11-22,12.726548
2006-11-24,12.565402
2006-11-27,12.487444
2006-11-28,11.983334
2006-11-29,12.30986
2006-11-30,12.059548
2006-12-01,12.104131
2006-12-04,12.029909
2006-12-05,12.139498
2006-12-06,12.128539
2006-12-07,12.209984
2006-12-08,12.003508
2006-12-11,12.07773
2006-12-12,12.05108
2006-12-13,12.072001
2006-12-14,11.961416
2006-12-15,12.020943
2006-12-18,12.017705
2006-12-19,11.499896
2006-12-20,11.706123
2006-12-21,11.561166
2006-12-22,11.39479
2006-12-26,11.370381
2006-12-27,11.457056
2006-12-28,11.634391
2006-12-29,11.50936
2007-01-03,11.606496
2007-01-04,11.681216
2007-01-05,12.017456
2007-01-08,12.146721
2007-01-09,12.09093
2007-01-10,12.065525
2007-01-11,12.383583
2007-01-12,12.502886
2007-01-16,12.641367
2007-01-17,12.537755
2007-01-18,12.316833
2007-01-19,12.153944
2007-01-22,12.266522
2007-01-23,11.974865
2007-01-24,12.066024
2007-01-25,12.478229
2007-01-26,12.227419
2007-01-29,12.403509
2007-01-30,12.303882
2007-01-31,12.3659
2007-02-01,12.602762
2007-02-02,12.020195
2007-02-05,11.892922
2007-02-06,11.6588
2007-02-07,11.801266
2007-02-08,11.657555
2007-02-09,11.747219
2007-02-12,11.473993
2007-02-13,11.435885
2007-02-14,11.457056
2007-02-15,11.606496
2007-02-16,11.526795
2007-02-20,11.668015
2007-02-21,11.702138
2007-02-22,11.922561
2007-02-23,11.849336
2007-02-26,11.776608
2007-02-27,11.332523
2007-02-28,11.218201
2007-03-01,11.025424
2007-03-02,11.086196
2007-03-05,10.884701
2007-03-06,11.144976
2007-03-07,11.524055
2007-03-08,11.437629
2007-03-09,11.407243
2007-03-12,11.272
2007-03-13,11.210729
2007-03-14,11.039372
2007-03-15,11.154689
2007-03-16,11.099646
2007-03-19,11.03987
2007-03-20,11.103133
2007-03-21,11.090928
2007-03-22,11.347716
2007-03-23,11.493171
2007-03-26,11.470755
2007-03-27,11.545475
2007-03-28,11.503632
2007-03-29,11.570381
2007-03-30,11.50936
2007-04-02,11.401265
2007-04-03,11.557928
2007-04-04,11.759423
2007-04-05,11.738501
2007-04-09,11.780344
2007-04-10,11.633644
2007-04-11,11.60799
2007-04-12,11.556683
2007-04-13,11.667517
2007-04-16,11.667766
2007-04-17,11.800768
2007-04-18,11.737505
2007-04-19,11.818202
2007-04-20,12.217207
2007-04-23,11.95768
2007-04-24,11.920569
2007-04-25,11.955189
2007-04-26,11.907866
2007-04-27,11.956932
2007-04-30,11.934018
2007-05-01,11.760668
2007-05-02,11.672499
2007-05-03,11.611975
2007-05-04,11.709111
2007-05-07,11.759423
2007-05-08,11.609734
2007-05-09,11.610232
2007-05-10,11.632399
2007-05-11,11.502635
2007-05-14,11.593545
2007-05-15,11.505873
2007-05-16,11.506869
2007-05-17,11.767393
2007-05-18,11.756683
2007-05-21,11.694416
2007-05-22,11.780843
2007-05-23,11.975612
2007-05-24,11.834392
2007-05-25,11.947717
2007-05-29,12.079722
2007-05-30,12.067269
2007-05-31,12.46727
2007-06-01,12.478229
2007-06-04,12.401267
2007-06-05,12.696162
2007-06-06,12.870508
2007-06-07,12.945228
2007-06-08,12.85681
2007-06-11,12.802513
2007-06-12,12.670259
2007-06-13,12.62991
2007-06-14,12.58732
2007-06-15,12.657307
2007-06-18,12.607245
2007-06-19,12.802264
2007-06-20,12.875739
2007-06-21,12.726797
2007-06-22,12.862289
2007-06-25,13.175116
2007-06-26,13.268516
2007-06-27,13.075988
2007-06-28,13.072999
2007-06-29,13.101393
2007-07-02,13.088192
2007-07-03,13.226922
2007-07-05,13.339002
2007-07-06,13.480721
2007-07-09,13.524308
2007-07-10,13.543984
2007-07-11,13.539501
2007-07-12,13.595541
2007-07-13,13.646599
2007-07-16,13.706126
2007-07-17,13.824184
2007-07-18,13.795541
2007-07-19,13.784831
2007-07-20,12.749711
2007-07-23,12.926797
2007-07-24,12.684954
2007-07-25,12.876237
2007-07-26,12.671006
2007-07-27,12.665776
2007-07-30,12.775116
2007-07-31,12.957183
2007-08-01,12.714842
2007-08-02,12.795041
2007-08-03,12.703634
2007-08-06,12.528042
2007-08-07,12.696162
2007-08-08,12.935016
2007-08-09,12.97138
2007-08-10,12.706872
2007-08-13,12.939998
2007-08-14,12.844854
2007-08-15,12.677482
2007-08-16,12.254567
2007-08-17,12.389561
2007-08-20,12.514592
2007-08-21,12.426921
2007-08-22,12.701392
2007-08-23,12.851828
2007-08-24,12.767395
2007-08-27,12.812725
2007-08-28,12.740495
2007-08-29,12.64859
2007-08-30,12.761168
2007-08-31,12.779599
2007-09-04,12.82742
2007-09-05,13.036137
2007-09-06,13.184581
2007-09-07,12.898155
2007-09-10,12.983335
2007-09-11,12.876486
2007-09-12,12.964655
2007-09-13,13.052576
2007-09-14,13.031156
2007-09-17,13.114095
2007-09-18,13.113846
2007-09-19,13.431406
2007-09-20,13.623934
2007-09-21,13.856562
2007-09-24,13.972627
2007-09-25,14.047347
2007-09-26,14.20675
2007-09-27,14.239875
2007-09-28,14.122067
2007-10-01,14.19604
2007-10-02,14.530038
2007-10-03,14.60152
2007-10-04,14.572628
2007-10-05,14.62294
2007-10-08,14.819453
2007-10-09,15.320326
2007-10-10,15.475992
2007-10-11,15.781846
2007-10-12,15.541248
2007-10-15,15.902145
2007-10-16,15.40451
2007-10-17,15.702394
2007-10-18,15.825931
2007-10-19,16.302893
2007-10-22,15.907126
2007-10-23,16.469519
2007-10-24,16.754948
2007-10-25,16.903641
2007-10-26,16.787825
2007-10-29,16.880976
2007-10-30,16.8745
2007-10-31,17.451836
2007-11-01,17.504141
2007-11-02,17.696419
2007-11-05,17.608747
2007-11-06,18.370144
2007-11-07,18.459061
2007-11-08,18.296421
2007-11-09,16.831411
2007-11-12,16.382095
2007-11-13,16.064535
2007-11-14,16.769144
2007-11-15,15.904636
2007-11-16,15.789318
2007-11-19,15.680974
2007-11-20,15.852581
2007-11-21,16.034149
2007-11-23,16.68745
2007-11-26,16.9415
2007-11-27,16.807003
2007-11-28,16.989071
2007-11-29,17.204264
2007-11-30,17.708624
2007-12-03,17.210739
2007-12-04,16.894426
2007-12-05,17.253578
2007-12-06,17.379856
2007-12-07,17.808001
2007-12-10,17.832909
2007-12-11,17.93129
2007-12-12,17.783344
2007-12-13,17.342745
2007-12-14,17.123568
2007-12-17,17.135771
2007-12-18,16.791063
2007-12-19,16.792309
2007-12-20,17.081724
2007-12-21,17.381849
2007-12-24,17.309868
2007-12-26,17.409494
2007-12-27,17.610741
2007-12-28,17.55744
2007-12-31,17.399035
2008-01-02,17.257067
2008-01-03,17.067528
2008-01-04,16.928797
2008-01-07,16.287451
2008-01-08,16.264038
2008-01-09,15.692182
2008-01-10,16.065035
2008-01-11,16.0075
2008-01-14,16.217712
2008-01-15,16.0872
2008-01-16,15.665532
2008-01-17,15.461048
2008-01-18,15.152206
2008-01-22,13.998281
2008-01-23,13.965404
2008-01-24,13.917833
2008-01-25,14.740001
2008-01-28,14.220946
2008-01-29,13.959427
2008-01-30,13.67848
2008-01-31,13.42493
2008-02-01,13.167395
2008-02-04,12.679225
2008-02-05,12.190059
2008-02-06,12.730782
2008-02-07,12.375115
2008-02-08,12.687693
2008-02-11,12.964406
2008-02-12,13.035888
2008-02-13,13.013721
2008-02-14,13.408492
2008-02-15,13.158429
2008-02-19,13.32356
2008-02-20,12.540744
2008-02-21,12.773372
2008-02-22,12.50463
2008-02-25,12.601516
2008-02-26,11.486944
2008-02-27,11.460294
2008-02-28,11.718576
2008-02-29,11.752698
2008-03-03,11.743732
2008-03-04,11.231651
2008-03-05,11.089683
2008-03-06,11.150455
2008-03-07,10.681961
2008-03-10,10.680716
2008-03-11,10.591799
2008-03-12,10.959172
2008-03-13,10.776358
2008-03-14,11.033145
2008-03-17,10.659794
2008-03-18,10.684452
2008-03-19,10.98657
2008-03-20,10.643107
2008-03-24,10.91982
2008-03-25,11.393793
2008-03-26,11.272498
2008-03-27,11.108363
2008-03-28,11.144727
2008-03-31,10.85033
2008-04-01,11.151701
2008-04-02,11.703632
2008-04-03,11.500145
2008-04-04,11.382585
2008-04-07,11.881216
2008-04-08,11.781839
2008-04-09,11.684454
2008-04-10,11.580593
2008-04-11,11.558426
2008-04-14,11.386321
2008-04-15,11.410481
2008-04-16,11.068512
2008-04-17,11.348214
2008-04-18,13.330285
2008-04-21,13.434395
2008-04-22,13.389064
2008-04-23,13.896413
2008-04-24,13.730784
2008-04-25,13.674246
2008-04-28,13.596039
2008-04-29,13.719327
2008-04-30,14.002764
2008-05-01,14.403761
2008-05-02,14.906377
2008-05-05,14.915593
2008-05-06,14.719826
2008-05-07,14.701645
2008-05-08,14.600275
2008-05-09,14.420947
2008-05-12,14.315094
2008-05-13,14.601022
2008-05-14,14.607498
2008-05-15,14.420947
2008-05-16,14.48147
2008-05-19,14.409739
2008-05-20,14.312105
2008-05-21,14.408992
2008-05-22,13.747222
2008-05-23,13.622938
2008-05-27,13.573125
2008-05-28,14.145479
2008-05-29,14.31609
2008-05-30,14.532279
2008-06-02,14.50812
2008-06-03,14.35868
2008-06-04,14.080473
2008-06-05,14.373126
2008-06-06,14.439627
2008-06-09,14.148468
2008-06-10,13.687695
2008-06-11,13.854072
2008-06-12,13.66777
2008-06-13,13.984831
2008-06-16,14.109614
2008-06-17,14.354944
2008-06-18,14.060049
2008-06-19,13.831905
2008-06-20,13.872502
2008-06-23,13.583087
2008-06-24,13.577608
2008-06-25,13.573374
2008-06-26,13.551705
2008-06-27,13.142738
2008-06-30,13.262041
2008-07-01,12.940994
2008-07-02,13.362663
2008-07-03,13.222439
2008-07-07,13.506873
2008-07-08,13.598778
2008-07-09,13.717583
2008-07-10,13.574121
2008-07-11,13.362414
2008-07-14,13.424681
2008-07-15,12.858802
2008-07-16,12.803011
2008-07-17,13.304133
2008-07-18,12.412226
2008-07-21,11.977107
2008-07-22,11.624429
2008-07-23,11.995289
2008-07-24,12.37113
2008-07-25,12.116833
2008-07-28,12.25631
2008-07-29,11.937754
2008-07-30,12.092176
2008-07-31,11.819697
2008-08-01,11.768638
2008-08-04,11.659298
2008-08-05,11.646098
2008-08-06,11.914591
2008-08-07,12.005002
2008-08-08,11.958925
2008-08-11,12.265775
2008-08-12,12.503135
2008-08-13,12.493173
2008-08-14,12.396037
2008-08-15,12.627419
2008-08-18,12.698403
2008-08-19,12.214965
2008-08-20,12.321815
2008-08-21,12.027916
2008-08-22,12.241615
2008-08-25,12.107369
2008-08-26,12.041366
2008-08-27,11.799024
2008-08-28,11.76814
2008-08-29,11.699896
2008-09-02,11.874741
2008-09-03,11.674491
2008-09-04,11.457056
2008-09-05,11.095661
2008-09-08,11.258301
2008-09-09,10.539744
2008-09-10,10.572123
2008-09-11,10.170628
2008-09-12,10.715087
2008-09-15,10.560417
2008-09-16,10.609234
2008-09-17,10.921065
2008-09-18,10.526544
2008-09-19,11.481963
2008-09-22,11.310854
2008-09-23,10.790803
2008-09-24,10.718325
2008-09-25,10.930032
2008-09-26,10.660044
2008-09-29,10.448586
2008-09-30,9.862533
2008-10-01,10.240367
2008-10-02,10.206494
2008-10-03,9.896655
2008-10-06,9.314587
2008-10-07,9.298397
2008-10-08,8.223178
2008-10-09,8.580837
2008-10-10,7.799765
2008-10-13,8.861535
2008-10-14,9.801512
2008-10-15,8.833141
2008-10-16,8.287935
2008-10-17,9.438622
2008-10-20,9.458298
2008-10-21,9.274985
2008-10-22,8.891423
2008-10-23,8.808235
2008-10-24,8.131272
2008-10-27,8.338993
2008-10-28,8.444598
2008-10-29,9.110601
2008-10-30,9.177102
2008-10-31,8.87075
2008-11-03,8.906118
2008-11-04,8.803004
2008-11-05,9.019941
2008-11-06,8.467512
2008-11-07,8.296901
2008-11-10,8.169379
2008-11-11,7.688432
2008-11-12,7.523052
2008-11-13,7.267011
2008-11-14,7.55294
2008-11-17,7.546713
2008-11-18,7.511097
2008-11-19,7.357174
2008-11-20,6.846587
2008-11-21,6.538243
2008-11-24,6.706363
2008-11-25,6.691917
2008-11-26,6.980834
2008-11-28,7.237373
2008-12-01,7.140237
2008-12-02,6.718069
2008-12-03,6.721058
2008-12-04,6.887434
2008-12-05,6.750199
2008-12-08,7.222678
2008-12-09,7.414459
2008-12-10,7.702131
2008-12-11,7.575854
2008-12-12,7.365144
2008-12-15,7.820935
2008-12-16,7.833638
2008-12-17,7.936253
2008-12-18,7.887934
2008-12-19,7.745717
2008-12-22,7.685194
2008-12-23,7.482703
2008-12-24,7.508855
2008-12-26,7.573363
2008-12-29,7.477473
2008-12-30,7.491918
2008-12-31,7.576601
2009-01-02,7.68619
2009-01-05,7.995033
2009-01-06,8.293414
2009-01-07,8.177349
2009-01-08,7.927287
2009-01-09,8.156926
2009-01-12,7.87822
2009-01-13,7.765144
2009-01-14,7.72106
2009-01-15,7.41147
2009-01-16,7.597024
2009-01-20,7.450573
2009-01-21,7.181831
2009-01-22,7.423176
2009-01-23,7.702878
2009-01-26,8.090923
2009-01-27,8.130774
2009-01-28,8.417947
2009-01-29,8.581335
2009-01-30,8.585071
2009-02-02,8.326042
2009-02-03,8.532269
2009-02-04,8.470002
2009-02-05,8.490924
2009-02-06,8.878222
2009-02-09,9.247339
2009-02-10,9.3644
2009-02-11,8.94024
2009-02-12,8.79603
2009-02-13,9.020937
2009-02-17,8.630401
2009-02-18,8.648583
2009-02-19,8.903378
2009-02-20,8.419691
2009-02-23,8.642605
2009-02-24,8.244597
2009-02-25,8.521808
2009-02-26,8.616702
2009-02-27,8.292667
2009-03-02,8.302132
2009-03-03,8.220936
2009-03-04,8.048831
2009-03-05,7.882455
2009-03-06,7.651819
2009-03-09,7.471495
2009-03-10,7.428407
2009-03-11,7.72355
2009-03-12,7.908856
2009-03-13,8.122057
2009-03-16,8.119317
2009-03-17,7.974609
2009-03-18,8.338993
2009-03-19,8.261036
2009-03-20,8.226664
2009-03-23,8.30786
2009-03-24,8.630152
2009-03-25,8.727288
2009-03-26,8.795283
2009-03-27,8.717325
2009-03-30,8.531771
2009-03-31,8.690675
2009-04-01,8.562406
2009-04-02,9.048833
2009-04-03,9.078472
2009-04-06,9.140738
2009-04-07,9.031149
2009-04-08,9.053565
2009-04-09,9.203005
2009-04-13,9.248584
2009-04-14,9.38831
2009-04-15,9.143229
2009-04-16,9.501885
2009-04-17,9.614463
2009-04-20,9.6177
2009-04-21,9.369132
2009-04-22,9.508111
2009-04-23,9.651574
2009-04-24,9.61521
2009-04-27,9.572619
2009-04-28,9.557925
2009-04-29,9.613217
2009-04-30,9.857053
2009-05-01,9.838871
2009-05-04,9.917078
2009-05-05,9.962159
2009-05-06,10.131774
2009-05-07,10.064775
2009-05-08,10.033641
2009-05-11,10.032396
2009-05-12,10.211973
2009-05-13,9.815459
2009-05-14,9.683703
2009-05-15,9.740988
2009-05-18,9.8314
2009-05-19,9.865522
2009-05-20,10.014712
2009-05-21,9.870503
2009-05-22,9.879469
2009-05-26,9.762159
2009-05-27,10.103131
2009-05-28,10.178847
2009-05-29,10.264277
2009-06-01,10.429159
2009-06-02,10.616457
2009-06-03,10.61023
2009-06-04,10.841862
2009-06-05,11.0852
2009-06-08,10.94647
2009-06-09,10.923556
2009-06-10,10.865025
2009-06-11,10.753942
2009-06-12,10.63165
2009-06-15,10.49815
2009-06-16,10.443605
2009-06-17,10.365896
2009-06-18,10.353194
2009-06-19,10.416207
2009-06-22,10.384825
2009-06-23,10.128287
2009-06-24,10.180342
2009-06-25,10.137004
2009-06-26,10.30338
2009-06-29,10.61023
2009-06-30,10.560417
2009-07-01,10.565398
2009-07-02,10.346469
2009-07-06,10.124551
2009-07-07,10.167888
2009-07-08,9.962658
2009-07-09,10.115086
2009-07-10,10.201263
2009-07-13,10.365398
2009-07-14,10.553194
2009-07-15,10.701389
2009-07-16,10.876233
2009-07-17,10.784577
2009-07-20,10.706868
2009-07-21,10.733269
2009-07-22,10.660044
2009-07-23,10.67698
2009-07-24,10.854564
2009-07-27,11.109359
2009-07-28,10.98383
2009-07-29,10.889932
2009-07-30,11.02393
2009-07-31,11.207492
2009-08-03,11.176607
2009-08-04,11.192299
2009-08-05,11.35743
2009-08-06,11.315088
2009-08-07,11.34921
2009-08-10,11.33601
2009-08-11,11.299397
2009-08-12,11.342735
2009-08-13,11.510605
2009-08-14,11.526297
2009-08-17,11.24535
2009-08-18,11.085947
2009-08-19,10.958674
2009-08-20,11.257803
2009-08-21,11.595039
2009-08-24,11.64012
2009-08-25,11.684454
2009-08-26,11.774865
2009-08-27,11.670755
2009-08-28,11.687692
2009-08-31,11.451826
2009-09-01,11.449086
2009-09-02,11.352946
2009-09-03,11.352946
2009-09-04,11.396533
2009-09-08,11.563906
2009-09-09,11.433644
2009-09-10,11.622685
2009-09-11,11.716085
2009-09-14,11.718825
2009-09-15,11.832648
2009-09-16,11.950208
2009-09-17,12.218452
2009-09-18,12.372873
2009-09-21,12.147966
2009-09-22,12.476236
2009-09-23,12.472749
2009-09-24,12.465028
2009-09-25,12.311105
2009-09-28,12.324804
2009-09-29,12.441616
2009-09-30,12.453322
2009-10-01,12.278975
2009-10-02,12.04834
2009-10-05,12.145725
2009-10-06,12.246597
2009-10-07,12.428415
2009-10-08,12.940745
2009-10-09,12.868018
2009-10-12,13.036635
2009-10-13,13.060795
2009-10-14,13.261792
2009-10-15,13.293921
2009-10-16,13.632153
2009-10-19,13.765653
2009-10-20,13.739501
2009-10-21,13.696412
2009-10-22,13.698654
2009-10-23,13.829414
2009-10-26,13.841867
2009-10-27,13.722814
2009-10-28,13.645603
2009-10-29,13.524557
2009-10-30,13.698654
2009-11-02,13.37686
2009-11-03,13.20077
2009-11-04,13.469513
2009-11-05,13.536512
2009-11-06,13.641867
2009-11-09,13.834395
2009-11-10,14.015716
2009-11-11,14.208742
2009-11-12,14.185828
2009-11-13,14.179103
2009-11-16,14.32132
2009-11-17,14.318082
2009-11-18,14.362416
2009-11-19,14.290685
2009-11-20,14.184334
2009-11-23,14.358431
2009-11-24,14.508618
2009-11-25,14.605505
2009-11-27,14.2466
2009-11-30,14.461545
2009-12-01,14.648344
2009-12-02,14.719826
2009-12-03,14.671009
2009-12-04,14.770138
2009-12-07,14.55071
2009-12-08,14.533027
2009-12-09,14.632653
2009-12-10,14.705879
2009-12-11,14.811483
2009-12-14,14.82817
2009-12-15,14.777112
2009-12-16,14.909117
2009-12-17,14.855319
2009-12-18,14.845107
2009-12-21,14.884459
2009-12-22,14.977361
2009-12-23,15.03116
2009-12-24,15.266029
2009-12-28,15.483464
2009-12-29,15.560177
2009-12-30,15.404759
2009-12-31,15.560426
2010-01-04,15.61522
2010-01-05,15.620949
2010-01-06,15.588072
2010-01-07,15.178109
2010-01-08,14.744733
2010-01-11,15.05507
2010-01-12,14.885456
2010-01-13,14.358431
2010-01-14,14.542989
2010-01-15,14.778108
2010-01-19,14.475741
2010-01-20,14.594795
2010-01-21,14.531532
2010-01-22,14.0598
2010-01-25,13.613722
2010-01-26,13.399027
2010-01-27,13.481219
2010-01-28,13.561418
2010-01-29,13.411979
2010-02-01,13.315092
2010-02-02,13.324058
2010-02-03,13.167395
2010-02-04,13.374868
2010-02-05,13.160671
2010-02-08,13.262788
2010-02-09,13.438131
2010-02-10,13.301891
2010-02-11,13.283211
2010-02-12,13.274494
2010-02-16,13.37163
2010-02-17,13.499401
2010-02-18,13.388317
2010-02-19,13.462788
2010-02-22,13.632651
2010-02-23,13.524308
2010-02-24,13.29965
2010-02-25,13.12879
2010-02-26,13.136262
2010-03-01,13.180596
2010-03-02,13.33701
2010-03-03,13.508367
2010-03-04,13.611481
2010-03-05,13.981344
2010-03-08,14.066774
2010-03-09,13.943985
2010-03-10,14.041369
2010-03-11,14.302889
2010-03-12,14.648593
2010-03-15,14.114097
2010-03-16,13.9933
2010-03-17,14.154446
2010-03-18,14.06528
2010-03-19,13.947721
2010-03-22,13.850834
2010-03-23,13.873997
2010-03-24,13.586823
2010-03-25,13.923312
2010-03-26,14.078979
2010-03-29,14.02244
2010-03-30,14.018206
2010-03-31,14.073499
2010-04-01,14.230411
2010-04-05,14.219203
2010-04-06,14.183337
2010-04-07,14.129539
2010-04-08,14.030411
2010-04-09,14.134271
2010-04-12,14.130784
2010-04-13,14.259801
2010-04-14,14.696414
2010-04-15,14.748967
2010-04-16,14.02244
2010-04-19,13.667521
2010-04-20,13.802515
2010-04-21,13.859551
2010-04-22,13.748467
2010-04-23,13.630161
2010-04-26,13.573374
2010-04-27,13.174369
2010-04-28,13.252825
2010-04-29,13.284457
2010-04-30,13.228666
2010-05-03,13.113348
2010-05-04,13.113846
2010-05-05,12.47773
2010-05-06,12.671255
2010-05-07,12.452575
2010-05-10,12.801268
2010-05-11,12.843609
2010-05-12,12.753198
2010-05-13,12.864282
2010-05-14,12.69666
2010-05-17,12.622189
2010-05-18,12.702388
2010-05-19,12.360171
2010-05-20,12.081466
2010-05-21,11.68271
2010-05-24,11.973371
2010-05-25,11.660045
2010-05-26,12.006746
2010-05-27,12.078477
2010-05-28,12.2725
2010-06-01,11.965899
2010-06-02,12.121565
2010-06-03,12.331528
2010-06-04,12.446348
2010-06-07,12.42991
2010-06-08,12.150706
2010-06-09,12.135015
2010-06-10,11.964404
2010-06-11,12.017456
2010-06-14,12.315837
2010-06-15,12.031901
2010-06-16,12.357929
2010-06-17,12.53925
2010-06-18,12.515838
2010-06-21,12.450831
2010-06-22,12.201765
2010-06-23,12.126796
2010-06-24,11.946721
2010-06-25,11.881963
2010-06-28,11.770631
2010-06-29,11.542735
2010-06-30,11.331527
2010-07-01,11.090679
2010-07-02,10.999272
2010-07-06,11.05855
2010-07-07,10.916831
2010-07-08,11.296408
2010-07-09,11.75494
2010-07-12,11.765151
2010-07-13,12.011229
2010-07-14,12.201267
2010-07-15,12.247344
2010-07-16,11.684205
2010-07-19,11.482212
2010-07-20,11.48271
2010-07-21,12.054816
2010-07-22,12.035637
2010-07-23,11.974367
2010-07-26,12.18159
2010-07-27,12.218701
2010-07-28,12.327294
2010-07-29,12.103384
2010-07-30,11.946472
2010-08-02,12.1791
2010-08-03,12.216709
2010-08-04,12.258552
2010-08-05,12.600022
2010-08-06,12.587818
2010-08-09,12.509362
2010-08-10,12.511853
2010-08-11,12.396784
2010-08-12,12.053321
2010-08-13,12.179349
2010-08-16,12.046845
2010-08-17,12.167643
2010-08-18,12.215214
2010-08-19,11.980345
2010-08-20,11.655562
2010-08-23,11.494416
2010-08-24,11.399771
2010-08-25,11.20799
2010-08-26,11.358924
2010-08-27,11.271751
2010-08-30,11.435885
2010-08-31,11.210729
2010-09-01,11.332025
2010-09-02,11.527791
2010-09-03,11.719074
2010-09-07,11.569136
2010-09-08,11.586322
2010-09-09,11.901142
2010-09-10,11.930781
2010-09-13,11.977605
2010-09-14,12.005251
2010-09-15,11.953944
2010-09-16,11.953944
2010-09-17,12.048589
2010-09-20,12.266522
2010-09-21,12.694418
2010-09-22,12.773621
2010-09-23,12.817208
2010-09-24,12.994792
2010-09-27,13.171879
2010-09-28,13.287196
2010-09-29,13.146972
2010-09-30,13.1796
2010-10-01,13.200521
2010-10-04,13.074743
2010-10-05,13.160172
2010-10-06,13.431157
2010-10-07,13.355191
2010-10-08,13.269513
2010-10-11,13.41173
2010-10-12,13.452576
2010-10-13,13.623934
2010-10-14,13.553697
2010-10-15,14.925804
2010-10-18,14.957685
2010-10-19,15.16441
2010-10-20,15.146726
2010-10-21,15.230662
2010-10-22,15.240873
2010-10-25,15.332281
2010-10-26,15.270263
2010-10-27,15.336764
2010-10-28,15.443364
2010-10-29,15.369143
2010-11-01,15.335768
2010-11-02,15.408993
2010-11-03,15.379853
2010-11-04,15.557686
2010-11-05,15.521322
2010-11-08,15.542244
2010-11-09,15.691186
2010-11-10,15.493925
2010-11-11,15.434647
2010-11-12,15.29243
2010-11-15,15.020699
2010-11-16,14.763662
2010-11-17,14.570387
2010-11-18,14.670013
2010-11-19,14.869266
2010-11-22,14.631906
2010-11-23,14.620449
2010-11-24,14.627921
2010-11-26,14.706377
2010-11-29,14.674247
2010-11-30,14.304384
2010-12-01,14.02244
2010-12-02,14.163412
2010-12-03,14.183088
2010-12-06,14.46005
2010-12-07,14.726551
2010-12-08,14.743986
2010-12-09,14.791558
2010-12-10,14.773127
2010-12-13,14.872255
2010-12-14,14.871508
2010-12-15,14.799528
2010-12-16,14.765904
2010-12-17,14.719826
2010-12-20,14.810736
2010-12-21,14.90837
2010-12-22,15.043613
2010-12-23,15.076988
2010-12-27,15.01223
2010-12-28,14.995045
2010-12-29,14.9938
2010-12-30,14.894173
2010-12-31,14.862791
2011-01-03,14.856315
2011-01-04,15.083962
2011-01-05,14.94573
2011-01-06,15.209989
2011-01-07,15.340251
2011-01-10,15.312605
2011-01-11,15.385083
2011-01-12,15.42593
2011-01-13,15.366652
2011-01-14,15.377362
2011-01-18,15.593053
2011-01-19,15.993054
2011-01-20,15.746229
2011-01-21,15.929791
2011-01-24,15.13253
2011-01-25,15.148221
2011-01-26,15.450338
2011-01-27,15.389566
2011-01-28,15.418956
2011-01-31,15.03365
2011-02-01,15.055817
2011-02-02,15.217959
2011-02-03,15.180101
2011-02-04,15.196789
2011-02-07,15.197038
2011-02-08,15.315842
2011-02-09,15.364161
2011-02-10,15.290189
2011-02-11,15.287449
2011-02-14,15.525307
2011-02-15,15.624436
2011-02-16,15.582344
2011-02-17,15.473252
2011-02-18,15.591559
2011-02-22,15.442866
2011-02-23,15.201272
2011-02-24,15.227673
2011-02-25,15.239379
2011-02-28,15.193053
2011-03-01,15.386826
2011-03-02,14.939005
2011-03-03,15.102891
2011-03-04,15.151459
2011-03-07,14.957685
2011-03-08,14.767896
2011-03-09,14.719826
2011-03-10,14.581346
2011-03-11,14.40152
2011-03-14,14.266526
2011-03-15,13.885454
2011-03-16,14.147223
2011-03-17,14.059302
2011-03-18,14.063287
2011-03-21,14.202266
2011-03-22,14.377858
2011-03-23,14.326052
2011-03-24,14.581096
2011-03-25,14.617211
2011-03-28,14.49741
2011-03-29,14.346227
2011-03-30,14.554944
2011-03-31,14.520573
2011-04-01,14.664036
2011-04-04,14.76964
2011-04-05,14.472753
2011-04-06,14.251083
2011-04-07,14.339502
2011-04-08,14.567647
2011-04-11,14.351208
2011-04-12,14.32132
2011-04-13,14.334023
2011-04-14,14.326052
2011-04-15,13.581344
2011-04-18,13.111355
2011-04-19,13.199276
2011-04-20,13.098404
2011-04-21,13.138006
2011-04-25,13.082215
2011-04-26,13.113846
2011-04-27,13.399774
2011-04-28,13.401269
2011-04-29,13.449588
2011-05-02,13.591556
2011-05-03,13.378106
2011-05-04,13.329289
2011-05-05,13.296661
2011-05-06,13.40351
2011-05-09,13.325054
2011-05-10,13.449588
2011-05-11,13.453075
2011-05-12,13.331032
2011-05-13,13.315341
2011-05-16,13.108616
2011-05-17,12.837631
2011-05-18,13.189064
2011-05-19,13.268516
2011-05-20,13.245353
2011-05-23,12.866772
2011-05-24,12.96067
2011-05-25,12.884954
2011-05-26,12.894169
2011-05-27,12.913597
2011-05-31,13.075988
2011-06-01,13.151704
2011-06-02,13.139998
2011-06-03,13.001268
2011-06-06,13.039624
2011-06-07,13.023435
2011-06-08,12.865029
2011-06-09,12.951455
2011-06-10,12.804007
2011-06-13,12.702388
2011-06-14,12.656311
2011-06-15,12.578602
2011-06-16,12.52331
2011-06-17,12.607245
2011-06-20,12.079722
2011-06-21,12.134268
2011-06-22,12.24037
2011-06-23,12.00824
2011-06-24,11.972126
2011-06-27,11.805749
2011-06-28,12.055314
2011-06-29,12.367145
2011-06-30,12.502886
2011-07-01,12.621193
2011-07-05,13.08346
2011-07-06,13.287694
2011-07-07,13.474494
2011-07-08,13.273996
2011-07-11,13.155191
2011-07-12,13.154693
2011-07-13,13.374868
2011-07-14,13.42767
2011-07-15,14.88172
2011-07-18,14.756937
2011-07-19,14.847847
2011-07-20,14.998283
2011-07-21,14.795294
2011-07-22,15.078233
2011-07-25,15.276739
2011-07-26,15.393551
2011-07-27,15.371882
2011-07-28,15.073252
2011-07-29,15.049341
2011-08-01,15.223439
2011-08-02,15.093426
2011-08-03,14.801271
2011-08-04,14.807
2011-08-05,14.509116
2011-08-08,14.021942
2011-08-09,13.972627
2011-08-10,13.982092
2011-08-11,13.793797
2011-08-12,14.184334
2011-08-15,13.784084
2011-08-16,13.759177
2011-08-17,13.450335
2011-08-18,13.037881
2011-08-19,12.436884
2011-08-22,12.552948
2011-08-23,12.540495
2011-08-24,12.934767
2011-08-25,13.209986
2011-08-26,12.951206
2011-08-29,13.314096
2011-08-30,13.404507
2011-08-31,13.567645
2011-09-01,13.468268
2011-09-02,13.062787
2011-09-06,12.722314
2011-09-07,13.211729
2011-09-08,13.295166
2011-09-09,13.235391
2011-09-12,12.900645
2011-09-13,13.250334
2011-09-14,13.265029
2011-09-15,13.337508
2011-09-16,13.56914
2011-09-19,13.458305
2011-09-20,13.68371
2011-09-21,13.64112
2011-09-22,13.107121
2011-09-23,12.865776
2011-09-26,13.132028
2011-09-27,13.404756
2011-09-28,13.486948
2011-09-29,13.350957
2011-09-30,12.956685
2011-10-03,12.698652
2011-10-04,12.205003
2011-10-05,12.362413
2011-10-06,12.640122
2011-10-07,12.872501
2011-10-10,13.080471
2011-10-11,13.286698
2011-10-12,13.652079
2011-10-13,13.699401
2011-10-14,14.930786
2011-10-17,14.538506
2011-10-18,14.450586
2011-10-19,14.628668
2011-10-20,14.493176
2011-10-21,14.682716
2011-10-24,14.613226
2011-10-25,14.77213
2011-10-26,14.683712
2011-10-27,14.904634
2011-10-28,14.807498
2011-10-31,14.821695
2011-11-01,14.448344
2011-11-02,14.567896
2011-11-03,14.6202
2011-11-04,14.782093
2011-11-07,14.77761
2011-11-08,15.168146
2011-11-09,15.050089
2011-11-10,15.091683
2011-11-11,14.976365
2011-11-14,15.143239
2011-11-15,15.262791
2011-11-16,15.244859
2011-11-17,15.194298
2011-11-18,14.9938
2011-11-21,14.639129
2011-11-22,14.445853
2011-11-23,14.330038
2011-11-25,14.076986
2011-11-28,14.430162
2011-11-29,14.642118
2011-11-30,14.892928
2011-12-01,14.943986
2011-12-02,15.368645
2011-12-05,15.632406
2011-12-06,15.51659
2011-12-07,15.483962
2011-12-08,15.468022
2011-12-09,15.392306
2011-12-12,15.488944
2011-12-13,15.660301
2011-12-14,15.488196
2011-12-15,15.504884
2011-12-16,15.549716
2011-12-19,15.641621
2011-12-20,15.641372
2011-12-21,15.691435
2011-12-22,15.640127
2011-12-23,15.740999
2011-12-27,15.742244
2011-12-28,16.008745
2011-12-29,15.977363
2011-12-30,15.990563
2012-01-03,16.262545
2012-01-04,16.563665
2012-01-05,16.491436
2012-01-06,16.417213
2012-01-09,16.102144
2012-01-10,15.684959
2012-01-11,15.529292
2012-01-12,15.721572
2012-01-13,15.598035
2012-01-17,15.740501
2012-01-18,15.60725
2012-01-19,15.96491
2012-01-20,14.70812
2012-01-23,14.595293
2012-01-24,14.603263
2012-01-25,14.383836
2012-01-26,14.246102
2012-01-27,14.216214
2012-01-30,14.397285
2012-01-31,14.520573
2012-02-01,14.568892
2012-02-02,14.567149
2012-02-03,14.711358
2012-02-06,14.819702
2012-02-07,15.122069
2012-02-08,15.15918
2012-02-09,15.243364
2012-02-10,15.140251
2012-02-13,15.205506
2012-02-14,15.231409
2012-02-15,15.266029
2012-02-16,15.014223
2012-02-17,15.067772
2012-02-21,15.040375
2012-02-22,15.24187
2012-02-23,15.118333
2012-02-24,15.12705
2012-02-27,15.108121
2012-02-28,15.193053
2012-02-29,15.40725
2012-03-01,15.498408
2012-03-02,15.491932
2012-03-05,15.452829
2012-03-06,15.144485
2012-03-07,15.169391
2012-03-08,15.194049
2012-03-09,15.141994
2012-03-12,14.943986
2012-03-13,15.161919
2012-03-14,15.317586
2012-03-15,15.357437
2012-03-16,15.464286
2012-03-19,15.519828
2012-03-20,15.7141
2012-03-21,15.806005
2012-03-22,15.902892
2012-03-23,16.104635
2012-03-26,16.064785
2012-03-27,16.115347
2012-03-28,16.23988
2012-03-29,16.274998
2012-03-30,16.232904
2012-04-02,15.95943
2012-04-03,16.074997
2012-04-04,15.901647
2012-04-05,15.746976
2012-04-09,15.653327
2012-04-10,15.778857
2012-04-11,15.790065
2012-04-12,15.998783
2012-04-13,16.128298
2012-04-16,15.516839
2012-04-17,15.157187
2012-04-18,15.144485
2012-04-19,15.085705
2012-04-20,15.04984
2012-04-23,14.767149
2012-04-24,14.900151
2012-04-25,15.043613
2012-04-26,15.215718
2012-04-27,15.318084
2012-04-30,15.267524
2012-05-01,15.038382
2012-05-02,14.973874
2012-05-03,15.183588
2012-05-04,15.091434
2012-05-07,14.819453
2012-05-08,15.08172
2012-05-09,15.11385
2012-05-10,15.266776
2012-05-11,15.20177
2012-05-14,14.963413
2012-05-15,15.077237
2012-05-16,15.39131
2012-05-17,15.786578
2012-05-18,15.569143
2012-05-21,14.956689
2012-05-22,15.278732
2012-05-23,14.985082
2012-05-24,15.172131
2012-05-25,14.968893
2012-05-29,14.839627
2012-05-30,14.649092
2012-05-31,14.663039
2012-06-01,14.24137
2012-06-04,14.202266
2012-06-05,14.332528
2012-06-06,14.358182
2012-06-07,14.635144
2012-06-08,14.342491
2012-06-11,14.55071
2012-06-12,14.191058
2012-06-13,13.99056
2012-06-14,13.980099
2012-06-15,13.956189
2012-06-18,14.012976
2012-06-19,14.286202
2012-06-20,14.441121
2012-06-21,14.441868
2012-06-22,14.146974
2012-06-25,14.130286
2012-06-26,14.016463
2012-06-27,14.139502
2012-06-28,14.09467
2012-06-29,14.320324
2012-07-02,14.491183
2012-07-03,14.446102
2012-07-05,14.664036
2012-07-06,14.755941
2012-07-09,14.569141
2012-07-10,14.699652
2012-07-11,14.353699
2012-07-12,14.125056
2012-07-13,14.250336
2012-07-16,14.355442
2012-07-17,14.40675
2012-07-18,14.370635
2012-07-19,14.59878
2012-07-20,15.162168
2012-07-23,14.955941
2012-07-24,15.317586
2012-07-25,15.15121
2012-07-26,15.317586
2012-07-27,15.414473
2012-07-30,15.841871
2012-07-31,15.647848
2012-08-01,15.873004
2012-08-02,15.579355
2012-08-03,15.940252
2012-08-06,15.930538
2012-08-07,15.984835
2012-08-08,15.916591
2012-08-09,16.052582
2012-08-10,15.905134
2012-08-13,16.125059
2012-08-14,16.419704
2012-08-15,16.694426
2012-08-16,16.625435
2012-08-17,16.790068
2012-08-20,16.824438
2012-08-21,16.764912
2012-08-22,16.622196
2012-08-23,16.793802
2012-08-24,16.826929
2012-08-27,16.512856
2012-08-28,16.562918
2012-08-29,16.871014
2012-08-30,17.042122
2012-08-31,17.036144
2012-09-04,17.049843
2012-09-05,16.936518
2012-09-06,17.084961
2012-09-07,17.43465
2012-09-10,17.677738
2012-09-11,17.383841
2012-09-12,17.170889
2012-09-13,17.262547
2012-09-14,17.673754
2012-09-17,17.636644
2012-09-18,17.628424
2012-09-19,17.870518
2012-09-20,18.044115
2012-09-21,18.236895
2012-09-24,18.206757
2012-09-25,18.755947
2012-09-26,18.676247
2012-09-27,18.927805
2012-09-28,18.783344
2012-10-01,18.905388
2012-10-02,19.058563
2012-10-03,18.822449
2012-10-04,18.997543
2012-10-05,19.195799
2012-10-08,18.953957
2012-10-09,18.92083
2012-10-10,18.477243
2012-10-11,18.752213
2012-10-12,18.726061
2012-10-15,18.479235
2012-10-16,18.434155
2012-10-17,18.529299
2012-10-18,18.817966
2012-10-19,17.573629
2012-10-22,16.961674
2012-10-23,16.737514
2012-10-24,17.105883
2012-10-25,16.936518
2012-10-26,16.849344
2012-10-31,16.933031
2012-11-01,16.924065
2012-11-02,17.304888
2012-11-05,17.048597
2012-11-06,17.073006
2012-11-07,16.811985
2012-11-08,16.692432
2012-11-09,16.305134
2012-11-12,16.531784
2012-11-13,16.513105
2012-11-14,16.454823
2012-11-15,16.189318
2012-11-16,16.089443
2012-11-19,16.331285
2012-11-20,16.675247
2012-11-21,16.662296
2012-11-23,16.686705
2012-11-26,16.598783
2012-11-27,16.442619
2012-11-28,16.637886
2012-11-29,17.130291
2012-11-30,17.218212
2012-12-03,17.490442
2012-12-04,17.310118
2012-12-05,17.239134
2012-12-06,17.125559
2012-12-07,17.310118
2012-12-10,17.070765
2012-12-11,17.185583
2012-12-12,17.415474
2012-12-13,17.831163
2012-12-14,17.413979
2012-12-17,17.571636
2012-12-18,17.848101
2012-12-19,17.950466
2012-12-20,18.013979
2012-12-21,17.782597
2012-12-24,17.796045
2012-12-26,17.635647
2012-12-27,17.612484
2012-12-28,17.476744
2012-12-31,17.43465
2013-01-02,17.918339
2013-01-03,18.055573
2013-01-04,18.165413
2013-01-07,18.317591
2013-01-08,18.319834
2013-01-09,18.238388
2013-01-10,18.501402
2013-01-11,18.48073
2013-01-14,18.356195
2013-01-15,17.916096
2013-01-16,17.992559
2013-01-17,17.875748
2013-01-18,17.692682
2013-01-22,17.550716
2013-01-23,18.331041
2013-01-24,18.461802
2013-01-25,18.699162
2013-01-28,18.72382
2013-01-29,18.599035
2013-01-30,18.773134
2013-01-31,18.692684
2013-02-01,18.884216
2013-02-04,19.120581
2013-02-05,18.957193
2013-02-06,18.905886
2013-02-07,19.170645
2013-02-08,19.43042
2013-02-11,19.387333
2013-02-12,19.47077
2013-02-13,19.43042
2013-02-14,19.420458
2013-02-15,19.61149
2013-02-19,19.825439
2013-02-20,20.05732
2013-02-21,19.875502
2013-02-22,19.906883
2013-02-25,19.982599
2013-02-26,19.800781
2013-02-27,19.795799
2013-02-28,19.952711
2013-03-01,19.87052
2013-03-04,20.05732
2013-03-05,20.645864
2013-03-06,20.947235
2013-03-07,20.773636
2013-03-08,20.784594
2013-03-11,20.714607
2013-03-12,20.690199
2013-03-13,20.620211
2013-03-14,20.597546
2013-03-15,20.386087
2013-03-18,20.049849
2013-03-19,20.205267
2013-03-20,20.344494
2013-03-21,20.206511
2013-03-22,20.292439
2013-03-25,20.234406
2013-03-26,20.261555
2013-03-27,20.09169
2013-03-28,20.024693
2013-04-01,19.801031
2013-04-02,20.038391
2013-04-03,20.260557
2013-04-04,20.031168
2013-04-05,19.578115
2013-04-08,19.396049
2013-04-09,19.315102
2013-04-10,19.49991
2013-04-11,19.74798
2013-04-12,19.725813
2013-04-15,19.575377
2013-04-16,19.591316
2013-04-17,19.595303
2013-04-18,19.560432
2013-04-19,19.157194
2013-04-22,19.94026
2013-04-23,19.950222
2013-04-24,20.127308
2013-04-25,20.330048
2013-04-26,20.114607
2013-04-29,20.006262
2013-04-30,20.39854
2013-05-01,20.504644
2013-05-02,20.42594
2013-05-03,20.845865
2013-05-06,21.12731
2013-05-07,21.494682
2013-05-08,21.344994
2013-05-09,21.689701
2013-05-10,21.801035
2013-05-13,21.8902
2013-05-14,21.855579
2013-05-15,22.3039
2013-05-16,22.889206
2013-05-17,22.665545
2013-05-20,22.540512
2013-05-21,22.61573
2013-05-22,22.47974
2013-05-23,21.843126
2013-05-24,21.799789
2013-05-28,22.00502
2013-05-29,21.810997
2013-05-30,21.666788
2013-05-31,21.621956
2013-06-03,21.7435
2013-06-04,21.615231
2013-06-05,21.482229
2013-06-06,21.526812
2013-06-07,21.679241
2013-06-10,21.97015
2013-06-11,22.016726
2013-06-12,22.053837
2013-06-13,21.643375
2013-06-14,21.920338
2013-06-17,21.898668
2013-06-18,22.133289
2013-06-19,22.450102
2013-06-20,22.266291
2013-06-21,22.125568
2013-06-24,21.715605
2013-06-25,21.849602
2013-06-26,21.76218
2013-06-27,21.887959
2013-06-28,21.790823
2013-07-01,22.078493
2013-07-02,22.171894
2013-07-03,21.915356
2013-07-05,22.167162
2013-07-08,22.396303
2013-07-09,22.689953
2013-07-10,22.501907
2013-07-11,22.739765
2013-07-12,22.914112
2013-07-15,23.021212
2013-07-16,23.091698
2013-07-17,22.939018
2013-07-18,22.888956
2013-07-19,22.082479
2013-07-22,22.465794
2013-07-23,22.68248
2013-07-24,22.596802
2013-07-25,22.263302
2013-07-26,22.091944
2013-07-29,22.039888
2013-07-30,22.053837
2013-07-31,22.241385
2013-08-01,22.291447
2013-08-02,22.501657
2013-08-05,22.550226
2013-08-06,22.532791
2013-08-07,22.292442
2013-08-08,22.30365
2013-08-09,22.180861
2013-08-12,22.089703
2013-08-13,22.087959
2013-08-14,21.877249
2013-08-15,21.530298
2013-08-16,21.451593
2013-08-19,21.362677
2013-08-20,21.627684
2013-08-21,21.684969
2013-08-22,21.736029
2013-08-23,21.863798
2013-08-26,21.668779
2013-08-27,21.41025
2013-08-28,21.176874
2013-08-29,21.147484
2013-08-30,21.31411
2013-09-03,21.27924
2013-09-04,21.428431
2013-09-05,21.755953
2013-09-06,21.978619
2013-09-09,22.010748
2013-09-10,22.167412
2013-09-11,22.130548
2013-09-12,22.351221
2013-09-13,22.278994
2013-09-16,22.321335
2013-09-17,22.102406
2013-09-18,22.076004
2013-09-19,22.56517
2013-09-20,22.375879
2013-09-23,22.320089
2013-09-24,22.079741
2013-09-25,22.080984
2013-09-26,21.875505
2013-09-27,21.78883
2013-09-30,21.645866
2013-10-01,21.924072
2013-10-02,21.985842
2013-10-03,22.1171
2013-10-04,21.793312
2013-10-07,21.605268
2013-10-08,21.552217
2013-10-09,21.327061
2013-10-10,21.515354
2013-10-11,21.569901
2013-10-14,21.585592
2013-10-15,21.812243
2013-10-16,22.064049
2013-10-17,22.241385
2013-10-18,24.32333
2013-10-21,25.192074
2013-10-22,25.031178
2013-10-23,24.931549
2013-10-24,25.700418
2013-10-25,25.624453
2013-10-28,25.285225
2013-10-29,25.38236
2013-10-30,25.8389
2013-10-31,25.627193
2013-11-01,25.698425
2013-11-04,25.691202
2013-11-05,25.413494
2013-11-06,25.544254
2013-11-07,25.469784
2013-11-08,25.124577
2013-11-11,25.143505
2013-11-12,25.098425
2013-11-13,25.074764
2013-11-14,25.751476
2013-11-15,25.775139
2013-11-18,25.797056
2013-11-19,25.696684
2013-11-20,25.652597
2013-11-21,25.579123
2013-11-22,25.739023
2013-11-25,25.832174
2013-11-26,26.117107
2013-11-27,26.451603
2013-11-29,26.454842
2013-12-02,26.488464
2013-12-03,26.175636
2013-12-04,26.186098
2013-12-05,26.331305
2013-12-06,26.644878
2013-12-09,26.674767
2013-12-10,26.803286
2013-12-11,27.083485
2013-12-12,26.888466
2013-12-13,26.784605
2013-12-16,26.500669
2013-12-17,26.720346
2013-12-18,26.696186
2013-12-19,26.918352
2013-12-20,27.1059
2013-12-23,27.592575
2013-12-24,27.770161
2013-12-26,27.74625
2013-12-27,27.895441
2013-12-30,27.90391
2013-12-31,27.702166
2014-01-02,27.782366
2014-01-03,27.770908
2014-01-06,27.721344
2014-01-07,28.019974
2014-01-08,28.543015
2014-01-09,28.479254
2014-01-10,28.370661
2014-01-13,28.056587
2014-01-14,28.342516
2014-01-15,28.717112
2014-01-16,28.620224
2014-01-17,28.813251
2014-01-21,28.914869
2014-01-22,29.056339
2014-01-23,28.891706
2014-01-24,28.667795
2014-01-27,28.047373
2014-01-28,27.654345
2014-01-29,27.873524
2014-01-30,28.518106
2014-01-31,29.174397
2014-02-03,29.369913
2014-02-04,28.343512
2014-02-05,28.477758
2014-02-06,28.670786
2014-02-07,29.081743
2014-02-10,29.185604
2014-02-11,29.394073
2014-02-12,29.613998
2014-02-13,29.40852
2014-02-14,29.778631
2014-02-18,29.923092
2014-02-19,30.019978
2014-02-20,29.966179
2014-02-21,30.082493
2014-02-24,30.021473
2014-02-25,30.284985
2014-02-26,30.485731
2014-02-27,30.346006
2014-02-28,30.394573
2014-03-03,30.056091
2014-03-04,30.261572
2014-03-05,30.262817
2014-03-06,30.442892
2014-03-07,30.555471
2014-03-10,30.278757
2014-03-11,30.230936
2014-03-12,29.798309
2014-03-13,30.085979
2014-03-14,29.439404
2014-03-17,29.371161
2014-03-18,29.75522
2014-03-19,30.181871
2014-03-20,29.886726
2014-03-21,30.045134
2014-03-24,29.4942
2014-03-25,29.041147
2014-03-26,28.941769
2014-03-27,28.322241
2014-03-28,27.983171
2014-03-31,28.266893
2014-04-01,27.859013
2014-04-02,29.917362
2014-04-03,28.414488
2014-04-04,28.653831
2014-04-07,26.962973
2014-04-08,27.055719
2014-04-09,27.904388
2014-04-10,28.172651
2014-04-11,26.554594
2014-04-14,26.838814
2014-04-15,26.767509
2014-04-16,27.075665
2014-04-17,27.365368
2014-04-21,26.731607
2014-04-22,26.359631
2014-04-23,26.616425
2014-04-24,26.430935
2014-04-25,26.053968
2014-04-28,25.788198
2014-04-29,25.774237
2014-04-30,26.307772
2014-05-01,26.283339
2014-05-02,26.614929
2014-05-05,26.169153
2014-05-06,26.189596
2014-05-07,25.718889
2014-05-08,25.353392
2014-05-09,25.467579
2014-05-12,26.103832
2014-05-13,26.471823
2014-05-14,26.577032
2014-05-15,26.213032
2014-05-16,25.998121
2014-05-19,25.913855
2014-05-20,26.414478
2014-05-21,26.572046
2014-05-22,26.98242
2014-05-23,27.28808
2014-05-27,27.723885
2014-05-28,28.151211
2014-05-29,28.090378
2014-05-30,27.963226
2014-06-02,27.958241
2014-06-03,27.47407
2014-06-04,27.00087
2014-06-05,27.245197
2014-06-06,27.826603
2014-06-09,27.781227
2014-06-10,27.948767
2014-06-11,27.82361
2014-06-12,27.788706
2014-06-13,27.537395
2014-06-16,27.387808
2014-06-17,27.135498
2014-06-18,27.168409
2014-06-19,27.636126
2014-06-20,27.766268
2014-06-23,27.681499
2014-06-24,28.182125
2014-06-25,28.185616
2014-06-26,28.970463
2014-06-27,28.779985
2014-06-30,28.853783
2014-07-01,28.836828
2014-07-02,29.087641
2014-07-03,29.087641
2014-07-07,29.108084
2014-07-08,28.803919
2014-07-09,28.500751
2014-07-10,28.218027
2014-07-11,28.517206
2014-07-14,29.050243
2014-07-15,29.206814
2014-07-16,29.319504
2014-07-17,28.897163
2014-07-18,29.568819
2014-07-21,29.506491
2014-07-22,29.455132
2014-07-23,29.580288
2014-07-24,29.740847
2014-07-25,29.439175
2014-07-28,29.322994
2014-07-29,29.356901
2014-07-30,29.247202
2014-07-31,28.950516
2014-08-01,28.441914
2014-08-04,28.3741
2014-08-05,28.424461
2014-08-06,28.012093
2014-08-07,28.322241
2014-08-08,28.100849
2014-08-11,28.421469
2014-08-12,28.148718
2014-08-13,28.287836
2014-08-14,28.730122
2014-08-15,28.81389
2014-08-18,28.726631
2014-08-19,29.169914
2014-08-20,29.213795
2014-08-21,29.111076
2014-08-22,29.099607
2014-08-25,29.155952
2014-08-26,28.983425
2014-08-27,28.784472
2014-08-28,28.400028
2014-08-29,28.488285
2014-09-02,28.514214
2014-09-03,28.920597
2014-09-04,28.920597
2014-09-05,29.119055
2014-09-08,29.249695
2014-09-09,29.36438
2014-09-10,28.995394
2014-09-11,28.938549
2014-09-12,28.970463
2014-09-15,28.568565
2014-09-16,28.559589
2014-09-17,28.921097
2014-09-18,29.26964
2014-09-19,29.494024
2014-09-22,29.609707
2014-09-23,29.262161
2014-09-24,28.993399
2014-09-25,29.297066
2014-09-26,28.724138
2014-09-29,28.509228
2014-09-30,28.767519
2014-10-01,28.721645
2014-10-02,28.287836
2014-10-03,28.574051
2014-10-06,28.860764
2014-10-07,28.641365
2014-10-08,28.201075
2014-10-09,28.480806
2014-10-10,27.809649
2014-10-13,27.174891
2014-10-14,26.871225
2014-10-15,26.477804
2014-10-16,25.878948
2014-10-17,26.290319
2014-10-20,25.402758
2014-10-21,26.187601
2014-10-22,26.421959
2014-10-23,26.892168
2014-10-24,27.143478
2014-10-27,26.777981
2014-10-28,27.075665
2014-10-29,27.424706
2014-10-30,27.372349
2014-10-31,27.890924
2014-11-03,27.698954
2014-11-04,27.574295
2014-11-05,27.763775
2014-11-06,27.200321
2014-11-07,27.235723
2014-11-10,26.998875
2014-11-11,27.349413
2014-11-12,27.444153
2014-11-13,27.414734
2014-11-14,27.259159
2014-11-17,27.104584
2014-11-18,26.801416
2014-11-19,26.67676
2014-11-20,26.489773
2014-11-21,27.006353
2014-11-24,26.808895
2014-11-25,26.876211
2014-11-26,26.969954
2014-11-28,26.956989
2014-12-01,26.871225
2014-12-02,26.602463
2014-12-03,26.499247
2014-12-04,26.485285
2014-12-05,26.477306
2014-12-08,26.284336
2014-12-09,26.035519
2014-12-10,26.581022
2014-12-11,26.317745
2014-12-12,26.103832
2014-12-15,26.065437
2014-12-16,25.507969
2014-12-17,24.781961
2014-12-18,25.577278
2014-12-19,25.505474
2014-12-22,25.733349
2014-12-23,26.277855
2014-12-24,26.452873
2014-12-26,26.366112
2014-12-29,26.536644
2014-12-30,26.332205
2014-12-31,26.489773
2015-01-02,26.378078
2015-01-05,26.091366
2015-01-06,25.679497
2015-01-07,25.280592
2015-01-08,24.831326
2015-01-09,25.1689
2015-01-12,24.679243
2015-01-13,24.873709
2015-01-14,24.664783
2015-01-15,25.209288
2015-01-16,24.932049
2015-01-20,25.480045
2015-01-21,25.293058
2015-01-22,26.002609
2015-01-23,26.706179
2015-01-26,26.852776
2015-01-27,26.425947
2015-01-28,26.067432
2015-01-29,25.480045
2015-01-30,25.72238
2015-02-02,26.513706
2015-02-03,26.327717
2015-02-04,26.389547
2015-02-05,26.117794
2015-02-06,26.309767
2015-02-09,26.327717
2015-02-10,26.392538
2015-02-11,26.691717
2015-02-12,26.788952
2015-02-13,27.093117
2015-02-17,27.26664
2015-02-18,26.995884
2015-02-19,26.828342
2015-02-20,27.082146
2015-02-23,26.729115
2015-02-24,26.427443
2015-02-25,26.721636
2015-02-26,27.086136
2015-02-27,27.636126
2015-03-02,27.949764
2015-03-03,28.444407
2015-03-04,28.515211
2015-03-05,28.672279
2015-03-06,28.665298
2015-03-09,28.265396
2015-03-10,28.135256
2015-03-11,27.681002
2015-03-12,27.599726
2015-03-13,27.599226
2015-03-16,27.472075
2015-03-17,27.509972
2015-03-18,27.549362
2015-03-19,27.89292
2015-03-20,28.005611
2015-03-23,27.944778
2015-03-24,28.050985
2015-03-25,28.446899
2015-03-26,27.803165
2015-03-27,27.574295
2015-03-30,27.505484
2015-03-31,27.424706
2015-04-01,27.354897
2015-04-02,26.968458
2015-04-06,26.538139
2015-04-07,26.830338
2015-04-08,26.845297
2015-04-09,26.977432
2015-04-10,27.04026
2015-04-13,26.846792
2015-04-14,26.739088
2015-04-15,26.362621
2015-04-16,26.422457
2015-04-17,26.360626
2015-04-20,26.208046
2015-04-21,26.801914
2015-04-22,26.646841
2015-04-23,26.975939
2015-04-24,28.227501
2015-04-27,28.1695
2015-04-28,27.732
2015-04-29,27.5235
2015-04-30,27.393499
2015-05-01,26.921499
2015-05-04,26.9265
2015-05-05,26.9105
2015-05-06,26.562
2015-05-07,26.199499
2015-05-08,26.8325
2015-05-11,26.918501
2015-05-12,26.58
2015-05-13,26.528
2015-05-14,26.688499
2015-05-15,26.959
2015-05-18,26.6005
2015-05-19,26.698999
2015-05-20,26.9245
2015-05-21,26.897499
2015-05-22,27.0075
2015-05-26,26.906
2015-05-27,26.639999
2015-05-28,26.900499
2015-05-29,26.8685
2015-06-01,26.8395
2015-06-02,26.6465
2015-06-03,26.995501
2015-06-04,26.888
2015-06-05,26.817499
2015-06-08,26.665501
2015-06-09,26.378
2015-06-10,26.468
2015-06-11,26.921249
2015-06-12,26.58
2015-06-15,26.4
2015-06-16,26.42
2015-06-17,26.4685
2015-06-18,26.549999
2015-06-19,26.8605
2015-06-22,26.9795
2015-06-23,26.982
2015-06-24,27.0
2015-06-25,26.943501
2015-06-26,26.863001
2015-06-29,26.2505
2015-06-30,26.301001
2015-07-01,26.2365
2015-07-02,26.054001
2015-07-06,25.975
2015-07-07,26.1565
2015-07-08,26.0525
2015-07-09,26.156
2015-07-10,26.314501
2015-07-13,26.643999
2015-07-14,27.337999
2015-07-15,28.0065
2015-07-16,28.256001
2015-07-17,32.450001
2015-07-20,32.962002
2015-07-21,32.760502
2015-07-22,33.044498
2015-07-23,33.063499
2015-07-24,32.349998
2015-07-27,31.049999
2015-07-28,31.6415
2015-07-29,31.440001
2015-07-30,31.5
2015-07-31,31.569
2015-08-03,31.267
2015-08-04,31.421
2015-08-05,31.716499
2015-08-06,32.25
2015-08-07,32.011501
2015-08-10,31.974001
2015-08-11,33.459999
2015-08-12,33.153999
2015-08-13,32.966099
2015-08-14,32.7505
2015-08-17,32.84
2015-08-18,33.095001
2015-08-19,32.830002
2015-08-20,32.772999
2015-08-21,31.989
2015-08-24,28.65
2015-08-25,30.745501
2015-08-26,30.5175
2015-08-27,31.969999
2015-08-28,31.641001
2015-08-31,31.377001
2015-09-01,30.118
2015-09-02,30.279499
2015-09-03,30.85
2015-09-04,30.0
2015-09-08,30.6245
2015-09-09,31.061001
2015-09-10,30.655001
2015-09-11,30.987499
2015-09-14,31.285
2015-09-15,31.334999
2015-09-16,31.7735
2015-09-17,31.8895
2015-09-18,31.8395
2015-09-21,31.719999
2015-09-22,31.35
2015-09-23,31.102501
2015-09-24,30.832001
2015-09-25,31.488501
2015-09-28,30.517
2015-09-29,29.864
2015-09-30,30.164
2015-10-01,30.418501
2015-10-02,30.360001
2015-10-05,31.6
2015-10-06,31.941999
2015-10-07,32.462002
2015-10-08,32.068001
2015-10-09,32.0
2015-10-12,32.1045
2015-10-13,32.157501
2015-10-14,32.6605
2015-10-15,32.733002
2015-10-16,33.205502
2015-10-19,33.058998
2015-10-20,33.202
2015-10-21,32.7075
2015-10-22,32.334999
2015-10-23,36.375
2015-10-26,35.077499
2015-10-27,35.368999
2015-10-28,35.366501
2015-10-29,35.525002
2015-10-30,35.786499
2015-11-02,35.553001
2015-11-03,35.943001
2015-11-04,36.099998
2015-11-05,36.473499
2015-11-06,36.575001
2015-11-09,36.509998
2015-11-10,36.220001
2015-11-11,36.623001
2015-11-12,36.549999
2015-11-13,36.4585
2015-11-16,35.779999
2015-11-17,36.4645
2015-11-18,36.379002
2015-11-19,36.937
2015-11-20,37.3265
2015-11-23,37.872501
2015-11-24,37.599998
2015-11-25,37.407001
2015-11-27,37.423
2015-11-30,37.440498
2015-12-01,37.355499
2015-12-02,38.445
2015-12-03,38.300499
2015-12-04,37.654999
2015-12-07,38.3885
2015-12-08,37.894501
2015-12-09,37.9585
2015-12-10,37.642502
2015-12-11,37.057999
2015-12-14,37.0895
2015-12-15,37.650002
2015-12-16,37.5
2015-12-17,38.120998
2015-12-18,37.3255
2015-12-21,37.306499
2015-12-22,37.5825
2015-12-23,37.6735
2015-12-24,37.477501
2015-12-28,37.646
2015-12-29,38.334499
2015-12-30,38.830002
2015-12-31,38.474998
2016-01-04,37.150002
2016-01-05,37.322498
2016-01-06,36.5
2016-01-07,36.515499
2016-01-08,36.572498
2016-01-11,35.830502
2016-01-12,36.084
2016-01-13,36.5425
2016-01-14,35.269001
2016-01-15,34.614498
2016-01-19,35.165001
2016-01-20,34.4305
2016-01-21,35.109001
2016-01-22,36.18
2016-01-25,36.179001
2016-01-26,35.692501
2016-01-27,35.683498
2016-01-28,36.111
2016-01-29,36.5765
2016-02-01,37.522999
2016-02-02,39.224998
2016-02-03,38.511002
2016-02-04,36.140499
2016-02-05,35.193501
2016-02-08,33.392502
2016-02-09,33.616001
2016-02-10,34.342999
2016-02-11,33.75
2016-02-12,34.513
2016-02-16,34.648998
2016-02-17,34.904499
2016-02-18,35.5
2016-02-19,34.751499
2016-02-22,35.372501
2016-02-23,35.072498
2016-02-24,34.445999
2016-02-25,35.0005
2016-02-26,35.429001
2016-02-29,35.015999
2016-03-01,35.181
2016-03-02,35.950001
2016-03-03,35.933998
2016-03-04,35.7495
2016-03-07,35.345001
2016-03-08,34.429501
2016-03-09,34.9235
2016-03-10,35.405998
2016-03-11,36.0
2016-03-14,36.3405
2016-03-15,36.346001
2016-03-16,36.318501
2016-03-17,36.822498
2016-03-18,37.092999
2016-03-21,36.825001
2016-03-22,36.873001
2016-03-23,37.118
2016-03-24,36.600498
2016-03-28,36.8395
2016-03-29,36.7295
2016-03-30,37.505001
2016-03-31,37.462502
2016-04-01,36.93
2016-04-04,37.502998
2016-04-05,36.900002
2016-04-06,36.788502
2016-04-07,37.268501
2016-04-08,37.198502
2016-04-11,37.151001
2016-04-12,36.900002
2016-04-13,37.458
2016-04-14,37.7005
2016-04-15,37.699001
2016-04-18,38.022999
2016-04-19,38.475498
2016-04-20,37.900002
2016-04-21,37.769001
2016-04-22,36.314999
2016-04-25,35.805
2016-04-26,36.271
2016-04-27,35.364498
2016-04-28,35.412998
2016-04-29,34.535
2016-05-02,34.8815
2016-05-03,34.843498
2016-05-04,34.524502
2016-05-05,34.884998
2016-05-06,34.918999
2016-05-09,35.599998
2016-05-10,35.837502
2016-05-11,36.170502
2016-05-12,35.853001
2016-05-13,35.5965
2016-05-16,35.456501
2016-05-17,35.7995
2016-05-18,35.183498
2016-05-19,35.118
2016-05-20,35.081001
2016-05-23,35.3265
2016-05-24,35.342999
2016-05-25,36.037998
2016-05-26,36.143501
2016-05-27,36.2005
2016-05-31,36.587002
2016-06-01,36.726501
2016-06-02,36.625
2016-06-03,36.463501
2016-06-06,36.245499
2016-06-07,35.992001
2016-06-08,36.198002
2016-06-09,36.143501
2016-06-10,35.973499
2016-06-13,35.8255
2016-06-14,35.824001
2016-06-15,35.950001
2016-06-16,35.745499
2016-06-17,35.432499
2016-06-20,34.938499
2016-06-21,34.919998
2016-06-22,34.952999
2016-06-23,34.872501
2016-06-24,33.758499
2016-06-27,33.549999
2016-06-28,33.948502
2016-06-29,34.150002
2016-06-30,34.273499
2016-07-01,34.610001
2016-07-05,34.803001
2016-07-06,34.499001
2016-07-07,34.903999
2016-07-08,34.974998
2016-07-11,35.4025
2016-07-12,35.956001
2016-07-13,36.181
2016-07-14,36.078999
2016-07-15,36.286499
2016-07-18,36.135502
2016-07-19,36.494499
2016-07-20,36.866501
2016-07-21,37.018002
2016-07-22,37.092999
2016-07-25,37.033501
2016-07-26,36.952
2016-07-27,36.914001
2016-07-28,37.352001
2016-07-29,38.635502
2016-08-01,38.054501
2016-08-02,38.434502
2016-08-03,38.359001
2016-08-04,38.611
2016-08-05,38.688999
2016-08-08,39.099998
2016-08-09,39.055
2016-08-10,39.1875
2016-08-11,39.25
2016-08-12,39.075001
2016-08-15,39.1875
2016-08-16,39.014999
2016-08-17,38.866001
2016-08-18,39.0005
2016-08-19,38.75
2016-08-22,38.663502
2016-08-23,38.773998
2016-08-24,38.528999
2016-08-25,38.349998
2016-08-26,38.450001
2016-08-29,38.437
2016-08-30,38.466499
2016-08-31,38.350498
2016-09-01,38.462502
2016-09-02,38.650501
2016-09-06,38.672501
2016-09-07,39.0
2016-09-08,38.929501
2016-09-09,38.505001
2016-09-12,37.7565
2016-09-13,38.223999
2016-09-14,37.980499
2016-09-15,38.144501
2016-09-16,38.487499
2016-09-19,38.620998
2016-09-20,38.450001
2016-09-21,38.632999
2016-09-22,39.0
2016-09-23,39.329498
2016-09-26,39.137001
2016-09-27,38.775002
2016-09-28,38.892502
2016-09-29,39.071999
2016-09-30,38.816502
2016-10-03,38.712502
2016-10-04,38.801498
2016-10-05,38.9655
2016-10-06,38.950001
2016-10-07,38.983002
2016-10-10,38.885502
2016-10-11,39.333
2016-10-12,39.188
2016-10-13,39.061001
2016-10-14,39.0825
2016-10-17,38.990002
2016-10-18,39.392502
2016-10-19,39.911999
2016-10-20,40.165001
2016-10-21,39.75
2016-10-24,40.244999
2016-10-25,40.834
2016-10-26,40.317001
2016-10-27,40.049999
2016-10-28,40.4175
2016-10-31,39.773499
2016-11-01,39.144501
2016-11-02,38.91
2016-11-03,38.362499
2016-11-04,37.533001
2016-11-07,38.724998
2016-11-08,39.169998
2016-11-09,38.997002
2016-11-10,39.558498
2016-11-11,37.827
2016-11-14,37.779999
2016-11-15,37.348499
2016-11-16,37.759998
2016-11-17,38.346001
2016-11-18,38.568501
2016-11-21,38.130501
2016-11-22,38.6315
2016-11-23,38.386501
2016-11-25,38.213001
2016-11-28,38.0
2016-11-29,38.5765
2016-11-30,38.503502
2016-12-01,37.872002
2016-12-02,37.2295
2016-12-05,37.885502
2016-12-06,38.2365
2016-12-07,38.049999
2016-12-08,38.624001
2016-12-09,39.0
2016-12-12,39.251999
2016-12-13,39.695
2016-12-14,39.869999
2016-12-15,39.867001
2016-12-16,40.02
2016-12-19,39.511002
2016-12-20,39.838001
2016-12-21,39.792
2016-12-22,39.618
2016-12-23,39.544998
2016-12-27,39.534
2016-12-28,39.685001
2016-12-29,39.1665
2016-12-30,39.137501
2017-01-03,38.940498
2017-01-04,39.417999
2017-01-05,39.304001
2017-01-06,39.763
2017-01-09,40.32
2017-01-10,40.393002
2017-01-11,40.25
2017-01-12,40.356998
2017-01-13,40.374001
2017-01-17,40.354
2017-01-18,40.290501
2017-01-19,40.256001
2017-01-20,40.345501
2017-01-23,40.362499
2017-01-24,41.115002
2017-01-25,41.480999
2017-01-26,41.890499
2017-01-27,41.7355
2017-01-30,40.733002
2017-01-31,39.842999
2017-02-01,39.984001
2017-02-02,39.689999
2017-02-03,40.149502
2017-02-06,39.985001
2017-02-07,40.199501
2017-02-08,40.349998
2017-02-09,40.475498
2017-02-10,40.584999
2017-02-13,40.799999
2017-02-14,40.950001
2017-02-15,40.967999
2017-02-16,40.996498
2017-02-17,41.151001
2017-02-21,41.432999
2017-02-22,41.432999
2017-02-23,41.506001
2017-02-24,41.386501
2017-02-27,41.227501
2017-02-28,41.280499
2017-03-01,41.442501
2017-03-02,41.692501
2017-03-03,41.528
2017-03-06,41.3475
2017-03-07,41.369999
2017-03-08,41.675499
2017-03-09,41.799999
2017-03-10,42.164001
2017-03-13,42.200001
2017-03-14,42.181999
2017-03-15,42.379501
2017-03-16,42.4515
2017-03-17,42.580502
2017-03-20,42.5005
2017-03-21,42.57
2017-03-22,41.595501
2017-03-23,41.049999
2017-03-24,41.004002
2017-03-27,40.3475
2017-03-28,41.0205
2017-03-29,41.25
2017-03-30,41.674999
2017-03-31,41.448502
2017-04-03,41.460999
2017-04-04,41.568001
2017-04-05,41.775501
2017-04-06,41.619999
2017-04-07,41.397999
2017-04-10,41.269501
2017-04-11,41.2355
2017-04-12,41.0965
2017-04-13,41.106998
2017-04-17,41.2505
2017-04-18,41.710999
2017-04-19,41.989498
2017-04-20,42.071999
2017-04-21,42.144001
2017-04-24,42.560001
2017-04-25,43.25
2017-04-26,43.711498
2017-04-27,43.68
2017-04-28,45.533001
2017-05-01,45.097
2017-05-02,45.480999
2017-05-03,45.743
2017-05-04,46.303501
2017-05-05,46.676998
2017-05-08,46.306
2017-05-09,46.8475
2017-05-10,46.598999
2017-05-11,46.265999
2017-05-12,46.5765
2017-05-15,46.647499
2017-05-16,47.0
2017-05-17,46.783501
2017-05-18,46.049999
2017-05-19,46.573502
2017-05-22,46.75
2017-05-23,47.396
2017-05-24,47.648998
2017-05-25,47.866501
2017-05-26,48.485001
2017-05-30,48.515499
2017-05-31,48.750999
2017-06-01,48.447498
2017-06-02,48.473
2017-06-05,48.827499
2017-06-06,49.158001
2017-06-07,49.0
2017-06-08,49.1175
2017-06-09,49.224998
2017-06-12,46.978001
2017-06-13,47.595501
2017-06-14,47.995998
2017-06-15,46.698502
2017-06-16,47.0
2017-06-19,47.498001
2017-06-20,47.875999
2017-06-21,47.681999
2017-06-22,47.935001
2017-06-23,47.841499
2017-06-26,48.494999
2017-06-27,47.123001
2017-06-28,46.450001
2017-06-29,46.495998
2017-06-30,46.302502
2017-07-03,45.609001
2017-07-05,45.088001
2017-07-06,45.206001
2017-07-07,45.442501
2017-07-10,46.088501
2017-07-11,46.477001
2017-07-12,46.933998
2017-07-13,47.314499
2017-07-14,47.599998
2017-07-17,47.849998
2017-07-18,47.650002
2017-07-19,48.391998
2017-07-20,48.75
2017-07-21,48.112499
2017-07-24,48.611
2017-07-25,47.690498
2017-07-26,47.734001
2017-07-27,47.589001
2017-07-28,46.470001
2017-07-31,47.094501
2017-08-01,46.618999
2017-08-02,46.4305
2017-08-03,46.516998
2017-08-04,46.337502
2017-08-07,46.452999
2017-08-08,46.3545
2017-08-09,46.030499
2017-08-10,45.877499
2017-08-11,45.398499
2017-08-14,46.126499
2017-08-15,46.211498
2017-08-16,46.2645
2017-08-17,46.289001
2017-08-18,45.515499
2017-08-21,45.5
2017-08-22,45.636002
2017-08-23,46.0965
2017-08-24,46.432999
2017-08-25,46.1745
2017-08-28,45.799999
2017-08-29,45.255001
2017-08-30,46.002499
2017-08-31,46.588001
2017-09-01,47.056499
2017-09-05,46.653999
2017-09-06,46.5075
2017-09-07,46.586498
2017-09-08,46.824501
2017-09-11,46.712502
2017-09-12,46.629501
2017-09-13,46.533001
2017-09-14,46.5625
2017-09-15,46.233002
2017-09-18,46.0005
2017-09-19,45.870998
2017-09-20,46.148998
2017-09-21,46.650002
2017-09-22,46.387501
2017-09-25,46.272499
2017-09-26,46.186001
2017-09-27,46.387001
2017-09-28,47.068001
2017-09-29,47.599998
2017-10-02,47.999001
2017-10-03,47.700001
2017-10-04,47.849998
2017-10-05,47.774502
2017-10-06,48.334999
2017-10-09,49.0
2017-10-10,49.0
2017-10-11,48.686001
2017-10-12,49.372501
2017-10-13,49.599998
2017-10-16,49.605
2017-10-17,49.5145
2017-10-18,49.588501
2017-10-19,49.299999
2017-10-20,49.472
2017-10-23,49.476002
2017-10-24,48.5
2017-10-25,48.418499
2017-10-26,49.0
2017-10-27,50.459499
2017-10-30,50.700001
2017-10-31,50.761002
2017-11-01,50.8605
2017-11-02,51.088001
2017-11-03,51.105499
2017-11-06,51.449501
2017-11-07,51.363499
2017-11-08,51.526001
2017-11-09,51.699501
2017-11-10,51.323002
2017-11-13,51.171001
2017-11-14,51.129501
2017-11-15,50.960499
2017-11-16,51.125999
2017-11-17,51.7005
2017-11-20,51.013
2017-11-21,51.165501
2017-11-22,51.75
2017-11-24,51.793499
2017-11-27,52.0
2017-11-28,52.754501
2017-11-29,52.133999
2017-11-30,51.1185
2017-12-01,50.790001
2017-12-04,50.632999
2017-12-05,49.797001
2017-12-06,50.075001
2017-12-07,51.0215
2017-12-08,51.8745
2017-12-11,51.775002
2017-12-12,51.981499
2017-12-13,52.306
2017-12-14,52.25
2017-12-15,52.730499
2017-12-18,53.304001
2017-12-19,53.759998
2017-12-20,53.589001
2017-12-21,53.247501
2017-12-22,53.0555
2017-12-26,52.9035
2017-12-27,52.869499
2017-12-28,52.580002
2017-12-29,52.335999
2018-01-02,52.417
2018-01-03,53.2155
2018-01-04,54.400002
2018-01-05,54.700001
2018-01-08,55.1115
2018-01-09,55.470001
2018-01-10,54.855
2018-01-11,55.314999
2018-01-12,55.120499
2018-01-16,56.6255
2018-01-17,56.311001
2018-01-18,56.570499
2018-01-19,56.591499
2018-01-22,56.8745
2018-01-23,57.9925
2018-01-24,58.866501
2018-01-25,58.626499
2018-01-26,58.754002
2018-01-29,58.824001
2018-01-30,58.391499
2018-01-31,58.5285
2018-02-01,58.130501
2018-02-02,56.099998
2018-02-05,54.529999
2018-02-06,51.359001
2018-02-07,54.077
2018-02-08,52.7705
2018-02-09,50.862499
2018-02-12,52.400002
2018-02-13,52.25
2018-02-14,52.447498
2018-02-15,53.953499
2018-02-16,54.420502
2018-02-20,54.5285
2018-02-21,55.323502
2018-02-22,55.809502
2018-02-23,55.632
2018-02-26,56.389999
2018-02-27,57.062
2018-02-28,56.151501
2018-03-01,55.393501
2018-03-02,52.653999
2018-03-05,53.757
2018-03-06,54.960999
2018-03-07,54.459499
2018-03-08,55.765999
2018-03-09,56.799999
2018-03-12,58.192501
2018-03-13,58.5
2018-03-14,57.260502
2018-03-15,57.498001
2018-03-16,57.707001
2018-03-19,56.0005
2018-03-20,54.950001
2018-03-21,54.637001
2018-03-22,54.094002
2018-03-23,52.351501
2018-03-26,52.299999
2018-03-27,53.150002
2018-03-28,49.900002
2018-03-29,50.581501
2018-04-02,51.140999
2018-04-03,50.695499
2018-04-04,49.670502
2018-04-05,52.066502
2018-04-06,51.0
2018-04-09,50.84
2018-04-10,51.321999
2018-04-11,51.399502
2018-04-12,51.251999
2018-04-13,52.043999
2018-04-16,51.849998
2018-04-17,52.568501
2018-04-18,53.871498
2018-04-19,53.470001
2018-04-20,54.099998
2018-04-23,53.893002
2018-04-24,52.599998
2018-04-25,51.276001
2018-04-26,51.475498
2018-04-27,52.299999
2018-04-30,51.5005
2018-05-01,50.682999
2018-05-02,51.404999
2018-05-03,50.950001
2018-05-04,50.845001
2018-05-07,52.461498
2018-05-08,52.926998
2018-05-09,52.904999
2018-05-10,54.301498
2018-05-11,54.68
2018-05-14,55.0
2018-05-15,54.5
2018-05-16,53.865501
2018-05-17,53.994499
2018-05-18,53.092999
2018-05-21,53.702999
2018-05-22,54.178001
2018-05-23,53.2565
2018-05-24,53.950001
2018-05-25,53.951
2018-05-29,53.244499
2018-05-30,53.151501
2018-05-31,53.377998
2018-06-01,54.967499
2018-06-04,56.116501
2018-06-05,57.0495
2018-06-06,57.108501
2018-06-07,56.566002
2018-06-08,55.909
2018-06-11,55.93
2018-06-12,56.553501
2018-06-13,57.056
2018-06-14,57.192501
2018-06-15,57.443001
2018-06-18,57.182499
2018-06-19,57.924999
2018-06-20,58.765499
2018-06-21,58.7425
2018-06-22,57.957001
2018-06-25,57.18
2018-06-26,56.400002
2018-06-27,56.067001
2018-06-28,55.1045
2018-06-29,56.0
2018-07-02,54.950001
2018-07-03,56.791
2018-07-05,55.526501
2018-07-06,56.179001
2018-07-09,57.424
2018-07-10,57.848999
2018-07-11,57.2295
2018-07-12,57.994499
2018-07-13,59.25
2018-07-16,59.469501
2018-07-17,58.611
2018-07-18,59.827999
2018-07-19,59.549999
2018-07-20,59.348
2018-07-23,59.050499
2018-07-24,63.129501
2018-07-25,61.956501
2018-07-26,62.549999
2018-07-27,63.549999
2018-07-30,61.400501
2018-07-31,61.0005
2018-08-01,61.400002
2018-08-02,60.294998
2018-08-03,61.480999
2018-08-06,61.25
2018-08-07,61.849998
2018-08-08,62.023499
2018-08-09,62.494999
2018-08-10,62.150002
2018-08-13,61.848999
2018-08-14,61.759499
2018-08-15,61.463001
2018-08-16,61.2365
2018-08-17,60.101501
2018-08-20,60.250999
2018-08-21,60.400002
2018-08-22,60.0
2018-08-23,60.356998
2018-08-24,60.441002
2018-08-27,61.380001
2018-08-28,62.064499
2018-08-29,61.872501
2018-08-30,62.211498
2018-08-31,61.749001
2018-09-04,60.213501
2018-09-05,59.689999
2018-09-06,59.314999
2018-09-07,57.933498
2018-09-10,58.609501
2018-09-11,58.081501
2018-09-12,58.636002
2018-09-13,58.536999
2018-09-14,58.955002
2018-09-17,58.507
2018-09-18,57.8545
2018-09-19,58.249001
2018-09-20,58.9995
2018-09-21,59.599998
2018-09-24,57.858501
2018-09-25,58.807499
2018-09-26,59.2575
2018-09-27,59.336498
2018-09-28,59.593498
2018-10-01,59.994499
2018-10-02,59.548
2018-10-03,60.25
2018-10-04,59.766499
2018-10-05,58.375
2018-10-08,57.505501
2018-10-09,57.307499
2018-10-10,56.554001
2018-10-11,53.646999
2018-10-12,55.400002
2018-10-15,55.445499
2018-10-16,55.2295
2018-10-17,56.323002
2018-10-18,56.091999
2018-10-19,54.668499
2018-10-22,55.153
2018-10-23,54.044498
2018-10-24,55.212502
2018-10-25,53.5895
2018-10-26,51.851501
2018-10-29,54.123501
2018-10-30,50.423
2018-10-31,52.990501
2018-11-01,53.790001
2018-11-02,53.686501
2018-11-05,52.75
2018-11-06,51.973999
2018-11-07,53.450001
2018-11-08,54.569
2018-11-09,53.699501
2018-11-12,53.0695
2018-11-13,52.164501
2018-11-14,52.5
2018-11-15,52.2355
2018-11-16,52.970501
2018-11-19,52.860001
2018-11-20,50.0
2018-11-21,51.838001
2018-11-23,51.5
2018-11-26,51.9175
2018-11-27,52.049999
2018-11-28,52.438
2018-11-29,53.804001
2018-11-30,54.453499
2018-12-03,56.157001
2018-12-04,55.155998
2018-12-06,51.713001
2018-12-07,53.0005
2018-12-10,51.752499
2018-12-11,52.824501
2018-12-12,53.400002
2018-12-13,53.4035
2018-12-14,52.499001
2018-12-17,51.8755
2018-12-18,51.304501
2018-12-19,51.699501
2018-12-20,50.906502
2018-12-21,50.764999
2018-12-24,48.695
2018-12-26,49.4505
2018-12-27,50.857498
2018-12-28,52.480999
2018-12-31,52.548
2019-01-02,50.828499
2019-01-03,52.049999
2019-01-04,51.629501
2019-01-07,53.575001
2019-01-08,53.8055
2019-01-09,54.0825
2019-01-10,53.382999
2019-01-11,53.159
2019-01-14,52.346001
2019-01-15,52.508499
2019-01-16,54.0
2019-01-17,53.973499
2019-01-18,55.0
2019-01-22,54.400002
2019-01-23,53.8675
2019-01-24,53.824001
2019-01-25,54.25
2019-01-28,54.005501
2019-01-29,53.633999
2019-01-30,53.421501
2019-01-31,55.150002
2019-02-01,55.619999
2019-02-04,55.632999
2019-02-05,56.242001
2019-02-06,56.9785
2019-02-07,55.208
2019-02-08,54.349998
2019-02-11,54.8475
2019-02-12,55.34
2019-02-13,56.2495
2019-02-14,55.9025
2019-02-15,56.504002
2019-02-19,55.5
2019-02-20,55.9995
2019-02-21,55.542
2019-02-22,55.044998
2019-02-25,55.799999
2019-02-26,55.287498
2019-02-27,55.3475
2019-02-28,55.564999
2019-03-01,56.244999
2019-03-04,57.349499
2019-03-05,57.502998
2019-03-06,58.1245
2019-03-07,57.785999
2019-03-08,56.336498
2019-03-11,57.2225
2019-03-12,58.912998
2019-03-13,60.032249
2019-03-14,59.725498
2019-03-15,59.668999
2019-03-18,59.165001
2019-03-19,59.440498
2019-03-20,59.8675
2019-03-21,60.799999
2019-03-22,61.316002
2019-03-25,59.8465
2019-03-26,59.926498
2019-03-27,59.275002
2019-03-28,58.577
2019-03-29,58.744999
2019-04-01,59.205002
2019-04-02,59.765999
2019-04-03,60.374001
2019-04-04,60.297001
2019-04-05,60.7495
2019-04-08,60.394501
2019-04-09,59.799999
2019-04-10,60.034
2019-04-11,60.198002
2019-04-12,60.5
2019-04-15,60.900002
2019-04-16,61.25
2019-04-17,61.650002
2019-04-18,61.959
2019-04-22,61.7995
2019-04-23,62.5345
2019-04-24,63.206001
2019-04-25,63.238499
2019-04-26,63.450001
2019-04-29,63.700001
2019-04-30,59.25
2019-05-01,59.4025
2019-05-02,58.388
2019-05-03,58.682499
2019-05-06,58.313
2019-05-07,59.023499
2019-05-08,58.600498
2019-05-09,57.9515
2019-05-10,58.179501
2019-05-13,57.098
2019-05-14,56.8605
2019-05-15,55.893501
2019-05-16,58.225498
2019-05-17,58.4235
2019-05-20,57.224998
2019-05-21,57.4245
2019-05-22,57.337502
2019-05-23,57.025002
2019-05-24,57.368
2019-05-28,56.700001
2019-05-29,56.375999
2019-05-30,55.777
2019-05-31,55.064499
2019-06-03,53.275002
2019-06-04,52.145
2019-06-05,52.577
2019-06-06,52.2495
2019-06-07,52.531502
2019-06-10,53.648998
2019-06-11,54.699001
2019-06-12,53.900002
2019-06-13,54.181999
2019-06-14,54.320999
2019-06-17,54.313999
2019-06-18,55.484501
2019-06-19,55.279999
2019-06-20,55.9995
2019-06-21,55.462002
2019-06-24,55.980499
2019-06-25,55.632999
2019-06-26,54.325001
2019-06-27,54.200001
2019-06-28,53.8195
2019-07-01,54.900002
2019-07-02,55.112
2019-07-03,55.870499
2019-07-05,55.889999
2019-07-08,56.258499
2019-07-09,55.59
2019-07-10,56.561001
2019-07-11,57.162498
2019-07-12,57.199501
2019-07-15,57.342999
2019-07-16,57.299999
2019-07-17,57.5485
2019-07-18,57.087002
2019-07-19,57.4095
2019-07-22,56.672501
2019-07-23,57.200001
2019-07-24,56.595001
2019-07-25,56.890999
2019-07-26,61.202
2019-07-29,62.052502
2019-07-30,61.2705
2019-07-31,61.150002
2019-08-01,60.7015
2019-08-02,60.036999
2019-08-05,58.501999
2019-08-06,58.165501
2019-08-07,57.799999
2019-08-08,59.141499
2019-08-09,59.899502
2019-08-12,58.960499
2019-08-13,58.573002
2019-08-14,58.815498
2019-08-15,58.174999
2019-08-16,58.977501
2019-08-19,59.504501
2019-08-20,59.762501
2019-08-21,59.657501
2019-08-22,59.703499
2019-08-23,59.099499
2019-08-26,57.862999
2019-08-27,59.026501
2019-08-28,58.085499
2019-08-29,59.056
2019-08-30,59.924999
2019-09-03,58.851501
2019-09-04,58.835499
2019-09-05,59.5765
2019-09-06,60.406502
2019-09-09,60.200001
2019-09-10,59.7575
2019-09-11,60.170502
2019-09-12,61.215
2019-09-13,61.567501
2019-09-16,61.476002
2019-09-17,61.52
2019-09-18,61.3755
2019-09-19,61.603001
2019-09-20,61.655998
2019-09-23,61.299999
2019-09-24,62.0
2019-09-25,60.791
2019-09-26,62.098
2019-09-27,62.150501
2019-09-30,61.0485
2019-10-01,60.950001
2019-10-02,59.848999
2019-10-03,59.0
2019-10-04,59.594501
2019-10-07,60.220001
2019-10-08,59.879501
2019-10-09,59.967499
2019-10-10,59.929001
2019-10-11,61.1105
2019-10-14,60.617001
2019-10-15,61.02
2019-10-16,62.058498
2019-10-17,62.546501
2019-10-18,62.673
2019-10-21,62.612999
2019-10-22,62.392502
2019-10-23,62.118
2019-10-24,63.044998
2019-10-25,62.551498
2019-10-28,63.772499
2019-10-29,63.811501
2019-10-30,62.648499
2019-10-31,63.063999
2019-11-01,63.25
2019-11-04,63.822498
2019-11-05,64.644501
2019-11-06,64.473
2019-11-07,64.713997
2019-11-08,65.264
2019-11-11,65.158997
2019-11-12,65.0
2019-11-13,64.703499
2019-11-14,64.875
2019-11-15,65.946999
2019-11-18,66.611
2019-11-19,66.385002
2019-11-20,65.586998
2019-11-21,65.073997
2019-11-22,65.280998
2019-11-25,64.959
2019-11-26,65.492996
2019-11-27,65.75
2019-11-29,65.356003
2019-12-02,65.050003
2019-12-03,63.9785
2019-12-04,65.350502
2019-12-05,66.400002
2019-12-06,66.671997
2019-12-09,66.902
2019-12-10,67.074997
2019-12-11,67.542
2019-12-12,67.296997
2019-12-13,67.397499
2019-12-16,67.824997
2019-12-17,68.144501
2019-12-18,67.830002
2019-12-19,67.591003
2019-12-20,68.167503
2019-12-23,67.793503
2019-12-24,67.425003
2019-12-26,67.308502
2019-12-27,68.149498
2019-12-30,67.5
2019-12-31,66.505501
2020-01-02,67.077499
2020-01-03,67.392998
2020-01-06,67.5
2020-01-07,69.897003
2020-01-08,69.603996
2020-01-09,71.028503
2020-01-10,71.377998
2020-01-13,71.806503
2020-01-14,71.9505
2020-01-15,71.510498
2020-01-16,72.372002
2020-01-17,73.1455
2020-01-21,73.956001
2020-01-22,74.550003
2020-01-23,74.382004
2020-01-24,74.679497
2020-01-27,71.550003
2020-01-28,72.150002
2020-01-29,72.940002
2020-01-30,71.998001
2020-01-31,73.445
2020-02-03,73.099998
2020-02-04,72.8535
2020-02-05,73.121002
2020-02-06,72.516502
2020-02-07,73.364998
2020-02-10,73.716003
2020-02-11,75.5905
2020-02-12,75.723999
2020-02-13,75.634499
2020-02-14,75.779999
2020-02-18,75.75
2020-02-19,76.253502
2020-02-20,76.099998
2020-02-21,75.401497
2020-02-24,71.305496
2020-02-25,71.650002
2020-02-26,69.806999
2020-02-27,68.102997
2020-02-28,63.875
2020-03-02,67.580498
2020-03-03,69.971001
2020-03-04,67.961502
2020-03-05,67.510002
2020-03-06,63.853001
2020-03-09,60.264999
2020-03-10,63.0
2020-03-11,62.485001
2020-03-12,56.299999
2020-03-13,58.950001
2020-03-16,54.799999
2020-03-17,54.655499
2020-03-18,52.8255
2020-03-19,54.6525
2020-03-20,56.785999
2020-03-23,53.066002
2020-03-24,55.188499
2020-03-25,56.323502
2020-03-26,55.59
2020-03-27,56.283501
2020-03-30,56.251999
2020-03-31,57.365002
2020-04-01,56.099998
2020-04-02,54.912998
2020-04-03,55.950748
2020-04-06,56.900002
2020-04-07,61.049999
2020-04-08,60.325001
2020-04-09,61.203999
2020-04-13,60.459
2020-04-14,62.254501
2020-04-15,62.280499
2020-04-16,63.705002
2020-04-17,64.2425
2020-04-20,63.549999
2020-04-21,62.349998
2020-04-22,62.277
2020-04-23,63.577499
2020-04-24,63.058498
2020-04-27,64.800003
2020-04-28,64.3965
2020-04-29,67.072998
2020-04-30,66.244003
2020-05-01,66.425003
2020-05-04,65.411499
2020-05-05,66.896004
2020-05-06,68.084503
2020-05-07,68.296997
2020-05-08,69.156502
2020-05-11,68.914001
2020-05-12,70.356003
2020-05-13,68.852501
2020-05-14,66.750999
2020-05-15,67.5
2020-05-18,68.087502
2020-05-19,69.349854
2020-05-20,69.478996
2020-05-21,70.400002
2020-05-22,69.835503
2020-05-26,71.863503
2020-05-27,70.862503
2020-05-28,69.843002
2020-05-29,70.847
2020-06-01,70.919502
2020-06-02,71.527496
2020-06-03,71.915001
2020-06-04,71.519997
2020-06-05,70.658501
2020-06-08,71.116997
2020-06-09,72.267998
2020-06-10,72.976997
2020-06-11,72.124001
2020-06-12,71.4245
2020-06-15,69.540001
2020-06-16,72.261002
2020-06-17,72.358002
2020-06-18,72.458
2020-06-19,72.199997
2020-06-22,71.449997
2020-06-23,72.781998
2020-06-24,73.0755
2020-06-25,71.495003
2020-06-26,71.569504
2020-06-29,67.908997
2020-06-30,69.522003
2020-07-01,70.555
2020-07-02,72.347
2020-07-06,74.002998
2020-07-07,74.5
2020-07-08,74.716003
2020-07-09,75.322502
2020-07-10,75.307503
2020-07-13,77.5
2020-07-14,74.515503
2020-07-15,76.156502
2020-07-16,75.0
2020-07-17,76.081001
2020-07-20,75.763
2020-07-21,79.349503
2020-07-22,78.025002
2020-07-23,78.348503
2020-07-24,74.946503
2020-07-27,75.779999
2020-07-28,76.259003
2020-07-29,75.316002
2020-07-30,74.849998
2020-07-31,75.250504
2020-08-03,74.332001
2020-08-04,73.828499
2020-08-05,73.464996
2020-08-06,73.587502
2020-08-07,75.0
2020-08-10,74.359001
2020-08-11,74.622002
2020-08-12,74.278999
2020-08-13,75.516998
2020-08-14,75.782997
2020-08-17,75.733498
2020-08-18,76.308998
2020-08-19,77.665497
2020-08-20,77.172501
2020-08-21,78.851501
2020-08-24,79.698997
2020-08-25,79.1035
2020-08-26,80.400002
2020-08-27,82.683998
2020-08-28,81.6745
2020-08-31,82.394501
2020-09-01,81.831497
2020-09-02,83.688751
2020-09-03,85.485703
2020-09-04,81.212997
2020-09-08,76.675499
2020-09-09,77.876503
2020-09-10,78.031998
2020-09-11,76.800003
2020-09-14,76.950249
2020-09-15,76.800003
2020-09-16,77.777
2020-09-17,74.800003
2020-09-18,74.900497
2020-09-21,72.002998
2020-09-22,72.504501
2020-09-23,72.939003
2020-09-24,70.551498
2020-09-25,71.6315
2020-09-28,73.710503
2020-09-29,73.519501
2020-09-30,73.339996
2020-10-01,74.213501
2020-10-02,73.101501
2020-10-05,73.310501
2020-10-06,73.778999
2020-10-07,73.2145
2020-10-08,73.254501
2020-10-09,74.735001
2020-10-12,77.150002
2020-10-13,79.186501
2020-10-14,78.929497
2020-10-15,77.357498
2020-10-16,78.292503
2020-10-19,79.023003
2020-10-20,76.352501
2020-10-21,78.666496
2020-10-22,79.652496
2020-10-23,81.303497
2020-10-26,81.250504
2020-10-27,79.783501
2020-10-28,77.987
2020-10-29,76.117996
2020-10-30,83.605499
2020-11-02,81.407997
2020-11-03,81.588997
2020-11-04,85.514
2020-11-05,89.050003
2020-11-06,87.697502
2020-11-09,89.544998
2020-11-10,86.554497
2020-11-11,87.5
2020-11-12,87.3815
2020-11-13,87.8815
2020-11-16,88.584999
2020-11-17,88.847
2020-11-18,88.261497
2020-11-19,86.918999
2020-11-20,88.260498
2020-11-23,87.480003
2020-11-24,86.525002
2020-11-25,88.644501
2020-11-27,88.654503
2020-11-30,89.059196
2020-12-01,88.718498
2020-12-02,89.904999
2020-12-03,91.2005
2020-12-04,91.225998
2020-12-07,90.949997
2020-12-08,90.504997
2020-12-09,90.600502
2020-12-10,88.489998
2020-12-11,88.153
2020-12-14,88.75
2020-12-15,88.221001
2020-12-16,88.643997
2020-12-17,88.425499
2020-12-18,87.709
2020-12-21,85.675499
2020-12-22,86.721497
2020-12-23,86.405502
2020-12-24,86.75
2020-12-28,87.581749
2020-12-29,89.389503
2020-12-30,88.100502
2020-12-31,86.771004
2021-01-04,87.876999
2021-01-05,86.25
2021-01-06,85.1315
2021-01-07,87.002998
2021-01-08,89.399002
2021-01-11,89.303497
2021-01-12,87.695999
2021-01-13,86.929001
2021-01-14,87.681
2021-01-15,86.9095
2021-01-19,87.612503
2021-01-20,91.572998
2021-01-21,94.900002
2021-01-22,94.783997
2021-01-25,96.033501
2021-01-26,94.442001
2021-01-27,94.126503
2021-01-28,92.196999
2021-01-29,92.308502
2021-02-01,92.678497
2021-02-02,96.127998
2021-02-03,103.650002
2021-02-04,103.444504
2021-02-05,103.5
2021-02-08,105.295502
2021-02-09,103.927002
2021-02-10,104.710503
2021-02-11,104.975502
2021-02-12,104.512497
2021-02-16,105.218002
2021-02-17,105.0
2021-02-18,105.519501
2021-02-19,105.963501
2021-02-22,103.349998
2021-02-23,101.250504
2021-02-24,102.091499
2021-02-25,103.372498
2021-02-26,102.526001
2021-03-01,102.825996
2021-03-02,103.809502
2021-03-03,103.360497
2021-03-04,101.168503
2021-03-05,103.655998
2021-03-08,105.056503
2021-03-09,103.5
2021-03-10,103.587997
2021-03-11,103.703003
2021-03-12,104.25
2021-03-15,103.114998
2021-03-16,103.949501
2021-03-17,103.801498
2021-03-18,103.050003
2021-03-19,102.102501
2021-03-22,102.092003
2021-03-23,102.584999
2021-03-24,103.268501
2021-03-25,102.240501
2021-03-26,101.943001
2021-03-29,101.393997
2021-03-30,102.8815
2021-03-31,102.956001
2021-04-01,104.897499
2021-04-05,107.647003
2021-04-06,111.125
2021-04-07,111.306503
2021-04-08,113.898003
2021-04-09,112.834999
2021-04-12,113.3125
2021-04-13,113.073502
2021-04-14,113.758003
2021-04-15,113.848999
2021-04-16,115.150002
2021-04-19,114.598999
2021-04-20,115.394501
2021-04-21,114.262497
2021-04-22,114.661499
2021-04-23,114.1735
2021-04-26,115.996498
2021-04-27,116.800003
2021-04-28,120.357246
2021-04-29,120.516502
2021-04-30,120.224503
2021-05-03,120.136002
2021-05-04,118.487
2021-05-05,118.420998
2021-05-06,117.531998
2021-05-07,120.0
2021-05-10,118.744499
2021-05-11,114.593002
2021-05-12,113.085503
2021-05-13,113.054497
2021-05-14,114.591499
2021-05-17,115.466003
2021-05-18,116.845299
2021-05-19,113.220001
2021-05-20,116.402
2021-05-21,118.2995
2021-05-24,118.349998
2021-05-25,121.0
2021-05-26,120.641747
2021-05-27,121.847
2021-05-28,121.098
2021-06-01,121.099998
2021-06-02,121.765503
2021-06-03,119.750999
2021-06-04,121.125999
2021-06-07,122.566002
2021-06-08,123.995003
2021-06-09,124.974998
2021-06-10,124.7005
2021-06-11,126.246002
2021-06-14,125.669502
2021-06-15,126.522003
2021-06-16,126.247498
2021-06-17,125.523003
2021-06-18,125.705498
2021-06-21,125.739998
2021-06-22,126.449997
2021-06-23,126.550003
2021-06-24,127.053497
2021-06-25,126.957001
2021-06-28,127.0
2021-06-29,126.772499
2021-06-30,125.653549
2021-07-01,124.849747
2021-07-02,126.8395
2021-07-06,129.449493
2021-07-07,130.341003
2021-07-08,128.25
2021-07-09,128.944504
2021-07-12,129.833496
2021-07-13,130.8815
2021-07-14,131.901505
2021-07-15,132.5
2021-07-16,131.641006
2021-07-19,131.155502
2021-07-20,130.003998
2021-07-21,130.787003
2021-07-22,132.649994
2021-07-23,135.259995
2021-07-26,138.25
2021-07-27,140.011002
2021-07-28,138.561996
2021-07-29,136.3806
2021-07-30,135.511002
2021-08-02,135.484497
2021-08-03,136.0
2021-08-04,136.249496
2021-08-05,136.028503
2021-08-06,136.294998
2021-08-09,136.949005
2021-08-10,138.079498
2021-08-11,138.283005
2021-08-12,137.712997
2021-08-13,138.357498
2021-08-16,138.0
2021-08-17,138.190994
2021-08-18,137.115494
2021-08-19,135.467499
2021-08-20,137.082993
2021-08-23,138.998505
2021-08-24,141.543503
2021-08-25,142.882996
2021-08-26,142.6185
2021-08-27,142.112503
2021-08-30,144.704498
2021-08-31,145.884506
2021-09-01,145.649994
2021-09-02,145.949493
2021-09-03,144.145996
2021-09-07,144.749496
2021-09-08,145.393494
2021-09-09,144.883499
2021-09-10,145.443497
2021-09-13,143.201004
2021-09-14,144.160995
2021-09-15,143.759003
2021-09-16,145.121002
2021-09-17,143.798492
2021-09-20,139.000198
2021-09-21,140.117004
2021-09-22,140.050507
2021-09-23,141.609497
2021-09-24,140.945999
2021-09-27,141.585495
2021-09-28,139.088501
2021-09-29,137.109695
2021-09-30,134.324997
2021-10-01,133.554504
2021-10-04,135.699493
2021-10-05,134.0
2021-10-06,134.625504
2021-10-07,138.863007
2021-10-08,139.906006
2021-10-11,139.800003
2021-10-12,139.637497
2021-10-13,137.75
2021-10-14,139.951996
2021-10-15,142.199997
2021-10-18,141.213501
2021-10-19,143.291504
2021-10-20,144.222504
2021-10-21,142.192001
2021-10-22,140.350998
2021-10-25,138.810501
2021-10-26,140.606003
2021-10-27,139.902496
2021-10-28,147.298996
2021-10-29,145.520004
2021-11-01,148.164993
2021-11-02,144.809402
2021-11-03,146.274994
2021-11-04,147.199997
2021-11-05,149.3535
2021-11-08,150.0
2021-11-09,149.746002
2021-11-10,148.00975
2021-11-11,147.106995
2021-11-12,147.831497
2021-11-15,150.0
2021-11-16,149.170502
2021-11-17,149.229004
2021-11-18,149.145996
2021-11-19,151.0
2021-11-22,150.141754
2021-11-23,147.113007
2021-11-24,146.350006
2021-11-26,145.015503
2021-11-29,144.298492
2021-11-30,145.450256
2021-12-01,144.212494
2021-12-02,141.824005
2021-12-03,144.495499
2021-12-06,143.574005
2021-12-07,145.949997
2021-12-08,148.331497
2021-12-09,148.175995
2021-12-10,149.100006
2021-12-13,148.444
2021-12-14,144.770004
2021-12-15,144.365997
2021-12-16,148.076996
2021-12-17,142.714493
2021-12-20,140.679596
2021-12-21,143.149994
2021-12-22,144.100006
2021-12-23,147.089493
2021-12-27,147.463501
2021-12-28,148.374496
2021-12-29,146.429504
2021-12-30,146.449997
2021-12-31,145.544006
2022-01-03,144.475494
2022-01-04,145.550507
2022-01-05,144.181
2022-01-06,137.497498
2022-01-07,137.904999
2022-01-10,135.098999
2022-01-11,138.180496
2022-01-12,141.554504
2022-01-13,141.8405
2022-01-14,137.5
2022-01-18,136.600006
2022-01-19,136.938507
2022-01-20,136.514008
2022-01-21,133.011993
2022-01-24,126.027496
2022-01-25,128.435501
2022-01-26,130.592499
2022-01-27,131.360992
2022-01-28,130.0
2022-01-31,134.197998
2022-02-01,137.835007
2022-02-02,151.863495
2022-02-03,145.294998
2022-02-04,143.016998
2022-02-07,143.709
2022-02-08,138.991257
2022-02-09,140.849747
2022-02-10,139.5
2022-02-11,138.75
2022-02-14,133.365494
2022-02-15,137.471497
2022-02-16,136.430496
2022-02-17,136.149994
2022-02-18,133.037506
2022-02-22,129.985001
2022-02-23,131.078506
2022-02-24,125.0
2022-02-25,133.525497
2022-02-28,133.2845
2022-03-01,134.479996
2022-03-02,134.608246
2022-03-03,135.9785
2022-03-04,133.382507
2022-03-07,131.904007
2022-03-08,126.250504
2022-03-09,131.399994
2022-03-10,131.462494
2022-03-11,133.999496
2022-03-14,130.572998
2022-03-15,127.741501
2022-03-16,131.0
2022-03-17,133.320999
2022-03-18,133.884003
2022-03-21,136.847504
2022-03-22,136.5
2022-03-23,139.138504
2022-03-24,139.272507
2022-03-25,141.753998
2022-03-28,140.684494
2022-03-29,143.160507
2022-03-30,142.869995
2022-03-31,142.448502
2022-04-01,140.009995
2022-04-04,140.824493
2022-04-05,143.399506
2022-04-06,139.161499
2022-04-07,136.617996
2022-04-08,136.25
2022-04-11,132.899994
2022-04-12,132.423492
2022-04-13,128.626495
2022-04-14,130.649506
2022-04-18,127.410004
2022-04-19,128.076996
2022-04-20,131.283997
2022-04-21,129.350006
2022-04-22,125.0
2022-04-25,119.429497
2022-04-26,122.75
2022-04-27,114.373001
2022-04-28,117.114998
2022-04-29,117.578003
2022-05-02,113.906502
2022-05-03,116.764999
2022-05-04,118.003502
2022-05-05,120.220497
2022-05-06,115.518997
2022-05-09,113.303497
2022-05-10,116.040497
2022-05-11,113.710503
2022-05-12,111.938004
2022-05-13,114.845497
2022-05-16,115.384003
2022-05-17,117.227501
2022-05-18,115.237503
2022-05-19,111.841003
2022-05-20,112.085503
2022-05-23,110.103996
2022-05-24,106.377502
2022-05-25,105.141998
2022-05-26,106.050499
2022-05-27,109.788498
2022-05-31,113.079002
2022-06-01,114.931503
2022-06-02,114.188004
2022-06-03,115.9925
2022-06-06,116.7425
2022-06-07,115.648003
2022-06-08,116.876503
2022-06-09,116.341499
2022-06-10,112.78125
2022-06-13,107.445999
2022-06-14,106.889999
2022-06-15,108.899498
2022-06-16,108.149498
2022-06-17,106.535004
2022-06-21,109.702003
2022-06-22,111.163002
2022-06-23,112.949997
2022-06-24,113.602997
2022-06-27,118.934998
2022-06-28,116.350998
2022-06-29,112.148499
2022-06-30,110.499496
2022-07-01,108.336998
2022-07-05,107.514503
2022-07-06,114.092003
2022-07-07,116.008003
2022-07-08,117.550003
2022-07-11,118.650002
2022-07-12,116.838501
2022-07-13,112.639
2022-07-14,110.825996
2022-07-15,112.962997
2022-07-18,113.440002
2022-07-19,111.730003
2022-07-20,114.059998
2022-07-21,115.089996
2022-07-22,111.809998
2022-07-25,108.879997
2022-07-26,107.43
2022-07-27,109.599998
2022-07-28,112.800003
2022-07-29,113.400002
2022-08-01,115.529999
2022-08-02,114.43
2022-08-03,116.339996
2022-08-04,118.300003
2022-08-05,116.93
2022-08-08,119.120003
2022-08-09,117.989998
2022-08-10,119.589996
2022-08-11,122.080002
2022-08-12,121.160004
2022-08-15,122.209999
2022-08-16,122.32
2022-08-17,120.93
2022-08-18,120.230003
2022-08-19,119.870003
2022-08-22,116.099998
2022-08-23,114.32
2022-08-24,114.449997
2022-08-25,115.150002
2022-08-26,115.809998
2022-08-29,110.779999
2022-08-30,111.029999
2022-08-31,111.629997
2022-09-01,109.199997
2022-09-02,111.339996
2022-09-06,108.135002
2022-09-07,107.760002
2022-09-08,109.18
2022-09-09,110.050003
2022-09-12,111.989998
2022-09-13,108.889999
2022-09-14,105.440002
2022-09-15,105.010002
2022-09-16,102.970001
2022-09-19,102.540001
2022-09-20,102.879997
2022-09-21,102.239998
2022-09-22,99.449997
2022-09-23,100.059998
2022-09-26,98.610001
2022-09-27,99.910004
2022-09-28,98.019997
2022-09-29,99.300003
2022-09-30,97.730003
2022-10-03,97.220001
2022-10-04,101.040001
2022-10-05,100.690002
2022-10-06,101.5
2022-10-07,100.650002
2022-10-10,99.849998
2022-10-11,98.25
2022-10-12,98.269997
2022-10-13,95.93
2022-10-14,100.625
2022-10-17,99.519997
2022-10-18,103.940002
2022-10-19,100.699997
2022-10-20,100.82
2022-10-21,98.459999
2022-10-24,102.089996
2022-10-25,103.300003
2022-10-26,96.760002
2022-10-27,94.309998
2022-10-28,92.529999
2022-10-31,95.779999
2022-11-01,95.589996
2022-11-02,90.910004
2022-11-03,86.345001
2022-11-04,85.510002
2022-11-07,87.339996
2022-11-08,89.160004
2022-11-09,88.544998
2022-11-10,92.339996
2022-11-11,94.709999
2022-11-14,95.5
2022-11-15,98.669998
2022-11-16,98.019997
2022-11-17,97.18
2022-11-18,99.010002
2022-11-21,97.559998
2022-11-22,96.160004
2022-11-23,97.339996
2022-11-25,98.464996
2022-11-28,97.199997
2022-11-29,96.0
2022-11-30,95.120003
2022-12-01,101.400002
2022-12-02,99.370003
2022-12-05,99.815002
2022-12-06,99.669998
2022-12-07,96.769997
2022-12-08,95.690002
2022-12-09,93.900002
2022-12-12,93.089996
2022-12-13,98.07
2022-12-14,95.540001
2022-12-15,93.540001
2022-12-16,91.199997
2022-12-19,90.879997
2022-12-20,88.730003
2022-12-21,89.730003
2022-12-22,88.93
2022-12-23,87.620003
2022-12-27,89.309998
2022-12-28,87.5
2022-12-29,87.029999
2022-12-30,87.364998
2023-01-03,89.830002
2023-01-04,91.010002
2023-01-05,88.07
2023-01-06,87.360001
2023-01-09,89.195
2023-01-10,86.720001
2023-01-11,90.059998
2023-01-12,92.400002
2023-01-13,91.528
2023-01-17,92.779999
2023-01-18,92.940002
2023-01-19,91.389999
2023-01-20,95.949997
2023-01-23,99.129997
2023-01-24,99.550003
2023-01-25,97.199997
2023-01-26,98.279999
2023-01-27,99.050003
2023-01-30,98.745003
2023-01-31,97.860001
2023-02-01,99.739998
2023-02-02,106.790001
2023-02-03,103.510002
2023-02-06,102.684998
2023-02-07,103.629997
2023-02-08,102.690002
2023-02-09,100.540001
2023-02-10,95.739998
2023-02-13,95.010002
2023-02-14,94.660004
2023-02-15,94.739998
2023-02-16,95.540001
2023-02-17,95.07
2023-02-21,93.239998
2023-02-22,91.933998
2023-02-23,92.129997
2023-02-24,89.629997
2023-02-27,90.089996
2023-02-28,89.540001
2023-03-01,90.160004
2023-03-02,89.860001
2023-03-03,92.739998
2023-03-06,94.360001
2023-03-07,95.419998
2023-03-08,94.404999
2023-03-09,94.489998
2023-03-10,92.5
2023-03-13,90.565002
2023-03-14,93.07
2023-03-15,93.540001
2023-03-16,96.57
2023-03-17,100.839996
2023-03-20,101.059998
2023-03-21,101.980003
2023-03-22,105.139999
2023-03-23,105.889999
2023-03-24,105.739998
2023-03-27,105.32
2023-03-28,103.0
2023-03-29,102.720001
2023-03-30,101.440002
2023-03-31,101.709999
2023-04-03,102.669998
2023-04-04,104.839996
2023-04-05,106.120003
2023-04-06,105.769997
2023-04-10,107.389999
2023-04-11,106.919998
2023-04-12,107.389999
2023-04-13,106.470001
2023-04-14,107.690002
2023-04-17,105.43
2023-04-18,107.0
2023-04-19,104.214996
2023-04-20,104.650002
2023-04-21,106.089996
2023-04-24,106.050003
2023-04-25,106.610001
2023-04-26,105.559998
2023-04-27,105.230003
2023-04-28,107.800003
2023-05-01,107.720001
2023-05-02,107.660004
2023-05-03,106.220001
2023-05-04,106.160004
2023-05-05,105.32
2023-05-08,105.794998
2023-05-09,108.779999
2023-05-10,108.550003
2023-05-11,115.860001
2023-05-12,117.0
2023-05-15,116.489998
2023-05-16,116.830002
2023-05-17,120.18
2023-05-18,121.559998
2023-05-19,124.199997
2023-05-22,123.510002
2023-05-23,124.93
2023-05-24,121.879997
2023-05-25,125.209999
2023-05-26,124.065002
2023-05-30,126.290001
2023-05-31,123.699997
2023-06-01,123.5
2023-06-02,124.489998
2023-06-05,124.610001
2023-06-06,126.599998
2023-06-07,127.574997
2023-06-08,122.584999
2023-06-09,122.559998
2023-06-12,123.394997
2023-06-13,125.650002
2023-06-14,123.800003
2023-06-15,123.879997
2023-06-16,126.699997
2023-06-20,123.535004
2023-06-21,123.235001
2023-06-22,120.660004
2023-06-23,122.040001
2023-06-26,121.466003
2023-06-27,117.839996
2023-06-28,117.959999
2023-06-29,120.089996
2023-06-30,121.099998
2023-07-03,120.32
2023-07-05,120.059998
2023-07-06,120.639999
2023-07-07,120.889999
2023-07-10,119.07
2023-07-11,116.760002
2023-07-12,119.300003
2023-07-13,121.540001
2023-07-14,125.129997
2023-07-17,126.059998
2023-07-18,124.904999
2023-07-19,124.790001
2023-07-20,122.120003
2023-07-21,120.870003
2023-07-24,121.926003
2023-07-25,121.879997
2023-07-26,130.360001
2023-07-27,131.800003
2023-07-28,130.970001
2023-07-31,133.009995
2023-08-01,130.854996
2023-08-02,129.839996
2023-08-03,128.369995
2023-08-04,129.600006
2023-08-07,129.509995
2023-08-08,130.979996
2023-08-09,132.190002
2023-08-10,131.970001
2023-08-11,129.201996
2023-08-14,129.850006
2023-08-15,131.589996
2023-08-16,129.279999
2023-08-17,130.449997
2023-08-18,129.059998
2023-08-21,127.849998
2023-08-22,129.130005
2023-08-23,130.850006
2023-08-24,134.727005
2023-08-25,130.139999
2023-08-28,132.080002
2023-08-29,132.998001
2023-08-30,135.570007
2023-08-31,137.050003
2023-09-01,138.429993
